Tipo,Numero,Ano,Edicao,Ano_Edicao,Contratante,Contratada,CNPJ,Objeto,Valor
CONTRATO,147,2025,1784,7,Município de Saquarema,"Não identificada",,"Não especificado",0.00
ATA_REGISTRO_PRECOS,128,2025,1784,7,Município de Saquarema,"Registro de Preços",,"Registro de preços para futura e eventual contratação de empresa espe- cializada na produção, organização de eventos esportivos e prestação dos servi- ços de execução e gestão de arbitragem e cronomet",0.00
ATA_REGISTRO_PRECOS,128,2025,1784,7,Município de Saquarema,"Registro de Preços",,"Registro de preços para futura e eventual contratação de empresa especializada na produção, organização de eventos esportivos e prestação dos serviços de execução e gestão de arbitragem e cronometrage",590974.40
TERMO_ADITIVO,066 (Aditivo 2),2024,1784,7,Município de Saquarema,"FW  Empreendimentos  Imo-",35.796.804/0001-23.,"Prorrogação da vigência e Rea-",473179.12
TERMO_ADITIVO,031 (Aditivo 2),2023,1784,7,Município de Saquarema,"RC  Info  Comércio  e  Servi-",39.706.912/0001-19.,"Contratação de empresa para",284000.00
TERMO_ADITIVO,032 (Aditivo 2),2023,1784,7,Município de Saquarema,"RC  Info  Comércio  e  Servi-",39.706.912/0001-19.,"Contratação de empresa para",279345.60
TERMO_ADITIVO,028 (Aditivo 2),2023,1784,7,Município de Saquarema,"Porto    &    Porto    Loca-",08.189.056/0001-48.,"Contratação de empresa presta-",1034423.01
CONTRATO,146,2025,1785,7,Município de Saquarema,"Não identificada",,"Não especificado",0.00
CONTRATO,11,2025,1785,7,Município de Saquarema,"Não identificada",,"Não especificado",0.00
TERMO_ADITIVO,224 (Aditivo 2),2023,1786,7,Município de Saquarema,"MTR2TECH         Solu-",44.109.594/0001-49.,"Prorrogação da vigência e o",3590528.64
CONTRATO,153,2025,1787,7,Município de Saquarema.,"Casa  de  Letras  Editora  e",48.764.955/0001-,"Contratação de empresa espe- cializada em fornecimento de livros a fim de atender o Projeto Escola que lê, saco- la literária, considerando a demanda das Unidades Escolares da Rede Municipal de Ensino",6406070.66
TERMO_ADITIVO,012 (Aditivo 2),2023,1787,7,Município de Saquarema,"Prontomar   Bazar   e   Re-",,"Prorrogação da vigência e redu-",28710.84
TERMO_ADITIVO,018 (Aditivo 2),2023,1787,7,Município de Saquarema,"Prontomar   Bazar   e   Re-",,"Prorrogação da vigência e redu-",130016.06
TERMO_ADITIVO,041 (Aditivo 2),2023,1787,7,Município de Saquarema,"Prontomar   Bazar   e   Re-",,"Prorrogação da vigência e redu-",337987.11
TERMO_ADITIVO,110 (Aditivo 1),2024,1787,7,Município de Saquarema,"Sociedade  de  Ensino  Su-",34.075.739/0001-84.,"Prorrogação do prazo da vigên-",180000.00
CONTRATO,151,2025,1788,7,Município de Saquarema,"Não identificada",,"Não especificado",0.00
CONTRATO,149,2025,1788,7,Município de Saquarema,"Não identificada",,"Não especificado",0.00
CONTRATO,152,2025,1788,7,Município de Saquarema,"Não identificada",,"Não especificado",0.00
CONTRATO,150,2025,1788,7,Município de Saquarema,"Não identificada",,"Não especificado",0.00
CONTRATO,029,2025,1788,7,Município  de  Saquarema/,"Creative  Licitações  LTDA",54.362.519/0001-49.,"Aquisição de eletrodomésticos, para atender o Conselho Tutelar e o Abri- go Raio de Sol.",29094.00
CONTRATO,030,2025,1788,7,Município  de  Saquarema/,"Invista Business Distribuido-",16.820.967/0001-50.,"Aquisição de eletrodomésticos, para atender o Conselho Tutelar e o Abri- go Raio de Sol.",2669.00
CONTRATO,031,2025,1788,7,Município  de  Saquarema/,"Createch  Comércio  e  So-",25.406.063/0001-73.,"Aquisição de eletrodomésticos, para atender o Conselho Tutelar e o Abri- go Raio de Sol.",3400.00
CONTRATO,028,2025,1788,7,Município  de  Saquarema/,"M   Felipe   Galvão   LTDA",24.183.988/0001-30.,"Aquisição de eletrodomésticos, para atender a Secretaria Municipal de Desenvolvimento Social, Setor do Bolsa Família e o CRAS.",37840.00
CONTRATO,029,2025,1788,7,Município  de  Saquarema/,"Amena  Climatização  LTDA",46.368.367/0001-63.,"Aquisição de eletrodomésticos, para atender a Secretaria Municipal de Desenvolvimento Social.",570.00
CONTRATO,030,2025,1788,7,Município  de  Saquarema/,"Createch  Comércio  e  So-",25.406.063/0001-73.,"Aquisição de eletrodomésticos, para atender o Setor de Bolsa Família, CRAS e o CREAS.",20400.00
CONTRATO,031,2025,1788,7,Município  de  Saquarema/,"Creative  Licitações  LTDA",54.362.519/0001-49.,"Aquisição de eletrodomésticos, para atender a Secretaria Municipal de Desenvolvimento Social, o Setor e Bolsa Família, CRAS, CREAS, e o Centro de Capacitação Profissional.",144511.00
CONTRATO,032,2025,1788,7,Município  de  Saquarema/,"Invista Business Distribuido-",16.820.967/0001-50.,"Aquisição de eletrodomésticos, para atender a Secretaria Municipal de Desenvolvimento Social, o Setor de Bol- sa Família, CRAS, CREAS, e o Centro de Capacitação Profissional",23656.00
CONTRATO,033,2025,1788,7,Município  de  Saquarema/,"Nanetshop Comercio Audio-",52.823.703/0001-,"Aquisição de eletrodomésticos, para atender a Secretaria Municipal de Desenvolvimento Social, CRAS e o CRE- AS.",8960.00
CONTRATO,032,2025,1788,7,Município  de  Saquarema/,"Creative  Licitações  LTDA",54.362.519/0001-49.,"Aquisição de eletrodomésticos, para atender o Centro Dia do Idoso (Ba- caxá/Sampaio Corrêa/Jaconé), Lar dos Idosos, Praça Do Bem-Estar e o Centro de Convivência.",68592.00
CONTRATO,033,2025,1788,7,Município  de  Saquarema/,"Invista Business Distribuido-",16.820.967/0001-50.,"Aquisição de eletrodomésticos, para atender o Centro Dia do Idoso (Ba- caxá/Sampaio Corrêa/Jaconé), Lar dos Idosos, Praça Do Bem-Estar e o Centro de Convivência.",35402.00
CONTRATO,034,2025,1788,7,Município  de  Saquarema/,"M   Felipe   Galvão   LTDA",24.183.988/0001-30.,"Aquisição de eletrodomésticos, para atender o Centro Dia do Idoso (Ba- caxá/Sampaio Corrêa/Jaconé).",28380.00
CONTRATO,035,2025,1788,7,Município  de  Saquarema/,"Nanetshop Comercio Audio-",52.823.703/0001-,"Aquisição de eletrodomésticos, para atender o Centro Dia do Idoso (Ba- caxá/Sampaio Corrêa/Jaconé), Lar dos Idosos, Praça Do Bem-Estar e o Centro de Convivência.",5600.00
CONTRATO,036,2025,1788,7,Município  de  Saquarema/,"Createch  Comércio  e  So-",25.406.063/0001-73.,"Aquisição de eletrodomésticos, para atender o Centro Dia do Idoso (Ba- caxá/Sampaio Corrêa/Jaconé).",5100.00
ATA_REGISTRO_PRECOS,136,2025,1788,7,Município de Saquarema,"Registro de Preços",,"Contratação de empresa para fornecimento parcelado, pelo prazo de 12 (doze) meses, de gêneros alimentícios para atender as demandas da Secretaria Municipal da Mulher.",0.00
ATA_REGISTRO_PRECOS,136,2025,1788,7,Município de Saquarema,"Registro de Preços",,"Contratação de empresa para fornecimento parcelado, pelo prazo de 12 (doze) meses, de gêneros alimentícios para atender as demandas da Secretaria Municipal da Mulher. FORNECEDOR Razão Social: JSR PROD",26555.44
ATA_REGISTRO_PRECOS,137,2025,1788,7,Município de Saquarema,"Registro de Preços",,"Contratação de empresa para fornecimento parcelado, pelo prazo de 12 (doze) meses, de gêneros alimentícios para atender as demandas da Secretaria Municipal da Mulher 18 245189 CHÁ tipo erva doce, uso ",26555.44
ATA_REGISTRO_PRECOS,137,2025,1788,7,Município de Saquarema,"Registro de Preços",,"Contratação de empresa para fornecimento parcelado, pelo prazo de 12 (doze) meses, de gêneros alimentícios para atender as demandas da Secretaria Municipal da Mulher. Fornecedor Razão Social: WS ARASE",110054.46
TERMO_ADITIVO,106 (Aditivo 1),2024,1788,7,Município de Saquarema,"Antares  Educacional  LTDA",34.185.306/0001-81.,"Prorrogação da vigência e a su-",21000.00
ATA_REGISTRO_PRECOS,139,2025,1789,7,Município de Saquarema,"Registro de Preços",,"Contratação de empresa espe- cializada na locação de veículos leves (automóvel, caminhoneta e quadriciclo), motos aquáticas, motocicletas e serviços de manutenção preventiva e corretiva, com reposição",590248.56
ATA_REGISTRO_PRECOS,138,2025,1789,7,Município de Saquarema,"Registro de Preços",,"Contratação de empresa objeti- vando o fornecimento de camisas e cami- setas personalizadas, de caráter informa- tivo e ou institucional, em atendimento às necessidades da Secretaria Municipal da Mulh",150380.00
TERMO_ADITIVO,180 (Aditivo 2),2023,1789,7,Município de Saquarema,"Antares Educacional LTDA",34.185.306/0001-81.,"Prorrogação da vigência e a su-",195840.00
TERMO_ADITIVO,133 (Aditivo 5),2021,1790,7,Município de Saquarema,"Dady Ilha Soluções Integra-",08.540.992/0001-51.,"Prorrogação do contrato nº",1623981.05
TERMO_ADITIVO,152 (Aditivo 4),2021,1790,7,Município de Saquarema,"Ágora    Pesquisa    LTDA",19.557.018/0001-17.,"Prorrogação da vigência, redu-",80159.76
TERMO_ADITIVO,212 (Aditivo 4),2022,1791,7,Município de Saquarema,"Edna Rosa Neto Siciliano &",07.579.818/0001-50.,"Prorrogação ao contrato nº",4406708.38
CONTRATO,157,2025,1793,7,Município de Saquarema.,"Word Efeitos LTDA",51.295.703/0001-25.,"Prestação de serviço de locação de estrutura, ornamentação e iluminação temática natalina, com suporte técnico es- pecializado, fornecimento de infraestrutu- ra e apoio operacional, com a realização d",11349148.68
CONTRATO,032,2025,1793,7,Município  de  Saquarema/,"MBM    Tecnologia    e    In-",13.977.867/0001-,"Aquisição de computadores, no- breaks e notebooks para atender as Uni- dades Administrativas do Fundo Munici- pal da Criança e do Adolescente.",26740.00
CONTRATO,034,2025,1793,7,Município  de  Saquarema/,"MBM    Tecnologia    e    In-",13.977.867/0001-,"Aquisição de computadores, no- breaks e notebooks para atender as Uni- dades Administrativas do Fundo Munici- pal da Assistência Social.",362900.00
CONTRATO,037,2025,1793,7,Município  de  Saquarema/,"MBM    Tecnologia    e    In-",13.977.867/0001-43.,"Aquisição de computadores, no- breaks e notebooks para atender as Uni- dades Administrativas do Fundo Munici- pal dos Direitos do Idoso.",53480.00
CONTRATO,155,2025,1793,7,Município de Saquarema,"Não identificada",,"Não especificado",0.00
TERMO_ADITIVO,149 (Aditivo 1),2024,1793,7,Município de Saquarema,"Mercado   São   Lucas   de",21.127.646/0001-04.,"Prorrogação da vigência do con-",76065.14
CONTRATO,142,2025,1794,7,Município de Saquarema.,"AM Moreira Gonçalves e Cia",27.679.382/0001-88.,"Aquisição de barracas para feiras da agricultura familiar e eventos relacio- nados a pesca e produção rural.",24975.00
ATA_REGISTRO_PRECOS,135,2025,1794,7,Município de Saquarema,"Registro de Preços",,"Contratação de laboratório espe- cializado em análise de amostra de água marinha e de água de interior, visando prestação de serviços de coleta, preser- vação, transporte, armazenamento, re- cebimento",287980.80
ATA_REGISTRO_PRECOS,142,2025,1794,7,Município de Saquarema,"Registro de Preços",,"Registro de preços para a eventu- al e futura aquisição de diversos materiais de consumo e permanentes para atender os CRAS, CREAS e Abrigo Raio de Sol.",35920.60
ATA_REGISTRO_PRECOS,129,2025,1794,7,Município de Saquarema,"Registro de Preços",,"Contratação de serviços gráfi- cos e editoriais para atender a demanda da Secretaria Municipal dos Direitos dos Animais.",5200.00
ATA_REGISTRO_PRECOS,130,2025,1794,7,Município de Saquarema,"Registro de Preços",,"Contratação de serviços gráfi- cos e editoriais para atender a demanda da Secretaria Municipal dos Direitos dos Animais.",65660.00
ATA_REGISTRO_PRECOS,131,2025,1794,7,Município de Saquarema,"Registro de Preços",,"Contratação de serviços gráfi- cos e editoriais para atender a demanda da Secretaria Municipal dos Direitos dos Animais.",600.00
ATA_REGISTRO_PRECOS,133,2025,1794,7,Município de Saquarema,"Registro de Preços",,"Contratação de serviços gráfi- cos e editoriais para atender a demanda da Secretaria Municipal dos Direitos dos Animais.",14680.00
ATA_REGISTRO_PRECOS,134,2025,1794,7,Município de Saquarema,"Registro de Preços",,"Contratação de serviços gráfi- cos e editoriais para atender a demanda da Secretaria Municipal dos Direitos dos Animais.",9170.00
TERMO_ADITIVO,173 (Aditivo 2),2023,1794,7,Município de Saquarema,"Brasilseg Companhia de Se-",28.196.889/0001-43.,"Prorrogação da vigência do con-",1476.00
TERMO_ADITIVO,060 (Aditivo 5),2021,1794,7,Município de Saquarema,"Dudu 91 Sonorização e Ilumi-",07.366.965/0001-,"Prorrogação da vigência do con-",88800.00
CONTRATO,156,2025,1795,7,Município de Saquarema,"Não identificada",,"Não especificado",0.00
CONTRATO,154,2025,1795,7,Município de Saquarema,"Não identificada",,"Não especificado",0.00
TERMO_ADITIVO,168 (Aditivo 4),2021,1795,7,Município de Saquarema,"Galvão  Transporte  e  Servi-",09.331.341/0001-14.,"Prorrogação da vigência e redu-",2332491.41
TERMO_ADITIVO,047 (Aditivo 3),2023,1795,7,Município de Saquarema,"Artelagos Artefatos de Con-",39.845.656/0001-,"Acréscimo do contrato n°",962122.00
CONTRATO,029,2025,1796,7,Município  de  Saquarema/,"AMB  Distribuidora  de  Medi-",37.885.137/0001-80.,"Contratação de empresa espe- cializada no fornecimento de equipamen- tos odontológicos para atender aos seto- res da atenção básica e especializada do Município de Saquarema/RJ.",28859.48
CONTRATO,030,2025,1796,7,Município  de  Saquarema/,"Cirúrgica   Izamed   LTDA",12.967.916/0001-02.,"Contratação de empresa espe- cializada no fornecimento de equipamen- tos odontológicos para atender aos seto- res da atenção básica e especializada do ATOS DA PREFEITA AVISOS, ATAS,",0.00
CONTRATO,031,2025,1796,7,Município  de  Saquarema/,"Dental   Alta   Mogiana   Co-",05.375.249/0001-03.,"Contratação de empresa espe- cializada no fornecimento de equipamen- tos odontológicos para atender aos seto- res da atenção básica e especializada do Município de Saquarema/RJ.",149000.00
CONTRATO,032,2025,1796,7,Município  de  Saquarema/,"Dentemed     Equipamen-",07.897.039/0001-00.,"Contratação de empresa espe- cializada no fornecimento de equipamen- tos odontológicos para atender aos seto- res da atenção básica e especializada do Município de Saquarema/RJ.",359372.04
CONTRATO,033,2025,1796,7,Município  de  Saquarema/,"Horse  Móveis  Hospitalares",23.291.398/0001-68.,"Contratação de empresa espe- cializada no fornecimento de equipamen- tos odontológicos para atender aos seto- res da atenção básica e especializada do Município de Saquarema/RJ.",8008.00
CONTRATO,034,2025,1796,7,Município  de  Saquarema/,"Itapemed Importadora e Ex-",54.322.844/0001-88.,"Contratação de empresa espe- cializada no fornecimento de equipamen- tos odontológicos para atender aos seto- res da atenção básica e especializada do Município de Saquarema/RJ.",29457.25
CONTRATO,035,2025,1796,7,Município  de  Saquarema/,"MRM    Hospitalar    LTDA",20.920.517/0001-06.,"Contratação de empresa espe- cializada no fornecimento de equipamen- tos odontológicos para atender aos seto- res da atenção básica e especializada do Município de Saquarema/RJ.",51987.00
CONTRATO,036,2025,1796,7,Município  de  Saquarema/,"Odontomaster  Equipamen-",54.860.907/0001-50.,"Contratação de empresa espe- cializada no fornecimento de equipamen- tos odontológicos para atender aos seto- res da atenção básica e especializada do Município de Saquarema/RJ.",28323.00
CONTRATO,037,2025,1796,7,Município  de  Saquarema/,"Pietra    Odonto    Importa-",28.877.319/0001-19.,"Contratação de empresa espe- cializada no fornecimento de equipamen- tos odontológicos para atender aos seto- res da atenção básica e especializada do Município de Saquarema/RJ.",108000.00
CONTRATO,038,2025,1796,7,Município  de  Saquarema/,"Comercial  de  Equipamen-",08.117.794/0001-80.,"Contratação de empresa espe- cializada no fornecimento de equipamen- tos odontológicos para atender aos seto- res da atenção básica e especializada do Município de Saquarema/RJ.",290920.00
CONTRATO,039,2025,1796,7,Município  de  Saquarema/,"MF de Almeida & Cia LTDA",05.021.932/0001-34.,"Contratação de empresa espe- cializada no fornecimento de equipamen- tos odontológicos para atender aos seto- res da atenção básica e especializada do Município de Saquarema/RJ.",4639.18
TERMO_ADITIVO,142 (Aditivo 1),2024,1796,7,Município de Saquarema,"Associação    dos    Peque-",31.843.006/0001-54.,"Acréscimo do valor do contrato n°",165919.70
TERMO_ADITIVO,208 (Aditivo 4),2022,1796,7,Município de Saquarema,"Clarícia  Flores  e  Decora-",04.,"Prorrogação da vigência do con-",313895.00
TERMO_ADITIVO,227 (Aditivo 4),2023,1797,7,Município de Saquarema,"Força    Ambiental    LTDA",20.217.115/0001-40.,"Prorrogação da vigência e rea-",1498187.29
TERMO_ADITIVO,012 (Aditivo 4),2023,1797,7,Município de Saquarema,"20.491.036 Valfredo de Oli-",20.491.036/0001-22.,"Contratação de empresa para",0.00
CONTRATO,162,2025,1798,7,Município de Saquarema.,"Legus     Módulos     Loca-",15.192.641/0001-62.,"Aquisição de containers adapta- dos para módulo habitacional, com a fina- lidade de apoio as Secretarias vinculadas a Prefeitura Municipal de Saquarema.",1536588.00
CONTRATO,035,2025,1798,7,Município  de  Saquarema/,"Equality  Comércio  e  Servi-",47.930.658/0001-66.,"Aquisição de uniformes para atender aos servidores da Secretaria Mu- nicipal de Desenvolvimento Social.",36224.00
ATA_REGISTRO_PRECOS,148,2025,1798,7,Município de Saquarema,"Registro de Preços",,"Registro de preços para a con- tratação de empresa para elaboração de Projetos executivos em Building Informa- tion Modeling (BIM).",20916201.45
TERMO_ADITIVO,129 (Aditivo 1),2024,1798,7,Município de Saquarema,"BSX     Empreendimentos",32.168.761/0001-43.,"Prorrogação da vigência do con-",65494.00
CONTRATO,033,2025,1799,7,Município  de  Saquarema/,"Mercado São Lucas de Porto",21.127.646/0001-,"Aquisição de gêneros alimentí- cios para atender o Abrigo Raio de Sol.",191719.08
ATA_REGISTRO_PRECOS,140,2025,1799,7,Município de Saquarema,"Registro de Preços",,"Registro de preços para a even- tual aquisição de gêneros alimentícios para atender o Centro Dia do Idoso. AVISOS, ATAS,",0.00
ATA_REGISTRO_PRECOS,140,2025,1799,7,Município de Saquarema,"Registro de Preços",,"Registro de preços para a eventual aquisição de gêneros alimentícios para atender o Centro Dia do Idoso. Fornecedor Razão Social: Mercado São Lucas de Porto da Roça Ltda CNPJ/MF: 21.127.646/0001-04 En",743697.36
ATA_REGISTRO_PRECOS,141,2025,1799,7,Município de Saquarema,"Registro de Preços",,"Registro de preços para a even- tual aquisição de gêneros alimentícios para atender o Centro Dia do Idoso.",6639.84
CONTRATO,034,2025,1800,7,Município  de  Saquarema/,"Fortigo Comércio Atacadista",44.107.556/0001-57.,"Aquisição de material de limpeza e descartável para atender o Conselho Tutelar e o Abrigo Raio de Sol.",64536.21
CONTRATO,036,2025,1800,7,Município  de  Saquarema/,"Fortigo Comércio Atacadista",44.107.556/0001-57.,"Aquisição de material de limpeza e descartável para atender a Secretaria de Desenvolvimento Social, CREAS, CE- CAPS, Café da Manhã do Trabalhador e o CRAS.",246776.79
CONTRATO,038,2025,1800,7,Município  de  Saquarema/,"Fortigo Comércio Atacadista",44.107.556/0001-57.,"Aquisição de material de limpeza e descartável para atender o Centro Dia do Idoso, Lar dos Idosos, Praça do Bem- -Estar e o Centro de Convivência.",172806.40
CONTRATO,035,2025,1800,7,Município  de  Saquarema/,"JHL  Comércio  e  Serviços",48.282.080/0001-41.,"Aquisição de material de limpe- za e descartável para atender o Conselho Tutelar e o Abrigo Raio de Sol.",9024.96
CONTRATO,037,2025,1800,7,Município  de  Saquarema/,"JHL  Comércio  e  Serviços",48.282.080/0001-41.,"Aquisição de material de limpeza e descartável para atender a Secretaria de Desenvolvimento Social, CREAS, CE- CAPS, Café da Manhã do Trabalhador e o CRAS.",29865.78
CONTRATO,039,2025,1800,7,Município  de  Saquarema/,"JHL  Comércio  e  Serviços",48.282.080/0001-41.,"Aquisição de material de limpeza e descartável para atender o Centro Dia do Idoso, Lar dos Idosos, Praça do Bem- -Estar e o Centro de Convivência.",21426.44
CONTRATO,036,2025,1800,7,Município  de  Saquarema/,"K.X.D    Comercial    LTDA",15.194.975/0001-75.,"Aquisição de material de limpeza e descartável para atender o Conselho Tutelar e o Abrigo Raio de Sol.",508.80
CONTRATO,038,2025,1800,7,Município  de  Saquarema/,"K.X.D    Comercial    LTDA",15.194.975/0001-75.,"Aquisição de material de limpeza e descartável para Atender a Secretaria de Desenvolvimento Social, CREAS, CE- CAPS, Café da Manhã do Trabalhador e o CRAS.",2136.96
CONTRATO,040,2025,1800,7,Município  de  Saquarema/,"K.X.D    Comercial    LTDA",15.194.975/0001-75.,"Aquisição de material de limpeza e descartável para atender o Centro Dia do Idoso, Lar dos Idosos, Praça do Bem- -Estar e o Centro de Convivência.",1204.16
CONTRATO,037,2025,1800,7,Município  de  Saquarema/,"Santana  Comércio  de  Uti-",07.665.456/0001-10.,"Aquisição de material de limpeza e descartável para atender o Conselho Tutelar e o Abrigo Raio de Sol.",533.12
CONTRATO,039,2025,1800,7,Município  de  Saquarema/,"Santana  Comércio  de  Uti-",07.665.456/0001-10.,"Aquisição de material de limpeza e descartável para atender o CREAS.",95.20
CONTRATO,041,2025,1800,7,Município  de  Saquarema/,"Santana  Comércio  de  Uti-",07.665.456/0001-10.,"Aquisição de material de limpeza e descartável para atender o Centro Dia do Idoso, Lar dos Idosos, Praça do Bem- -Estar e o Centro de Convivência.",1751.68
CONTRATO,158,2025,1801,7,Município de Saquarema.,"MSX  Commerce  and  Servi-",44.608.194/0001-88.,"Contratação de empresa objeti- vando o fornecimento de camisas e cami- setas personalizadas, de caráter informa- tivo e ou institucional, em atendimento às necessidades da Secretaria Municipal da Mulh",150380.00
ATA_REGISTRO_PRECOS,144,2025,1801,7,Município de Saquarema,"Registro de Preços",,"Aquisição de material de capoei- ra para as oficinas de capoeira dos servi- ços de convivência dos CRAS e do Cen- tro de Convivência.",38163.00
ATA_REGISTRO_PRECOS,145,2025,1801,7,Município de Saquarema,"Registro de Preços",,"Aquisição de material de capoeira para as oficinas de capoeira dos serviços de convivência dos CRAS e do Centro de Convivência.",55140.00
ATA_REGISTRO_PRECOS,146,2025,1801,7,Município de Saquarema,"Registro de Preços",,"Aquisição de material de capoei- ra para as oficinas de capoeira dos servi- ços de convivência dos CRAS e do Cen- tro de Convivência.",194468.80
ATA_REGISTRO_PRECOS,147,2025,1801,7,Município de Saquarema,"Registro de Preços",,"Aquisição de material de capoeira para as oficinas de capoeira dos serviços de convivência dos CRAS e do Centro de Convivência.",17360.00
TERMO_ADITIVO,014 (Aditivo 1),2024,1801,7,Município de Saquarema,"Inova    Indústria",23.597.017/0001-73.,"Prorrogação da execução do",0.00
TERMO_ADITIVO,093 (Aditivo 4),2021,1802,7,Município de Saquarema,"DH   Serviços   e   Constru-",12.236.853/0001-06.,"Prorrogação da vigência do con-",190870.76
CONTRATO,181,2025,1806,7,Município de Saquarema.,"MCR  Sistemas  e  Consulto-",04.198.254/0001-17.,"Contratação de empresa espe- cializada no fornecimento de licenças de uso de softwares Adobe Creative Cloud Vip Teams All Apps e Coreldraw Graphics Suites, na modalidade de subscrição, por 36 meses, p",397975.04
CONTRATO,160,2025,1806,7,Município de Saquarema.,"WS Araserv Comércio e Ser-",36.669.459/0001-,"Fornecimento de gêneros ali- mentícios para atender as demandas da Secretaria Municipal da Mulher.",110054.46
CONTRATO,161,2025,1806,7,Município de Saquarema.,"JSR  Produtos  e  Serviços",60.313.504/0001-93.,"Fornecimento de gêneros ali- mentícios para atender as demandas da Secretaria Municipal da Mulher.",26555.44
CONTRATO,040,2025,1806,7,Município  de  Saquarema/,"Pablo Luis Martins",09.138.326/0001-54.,"Aquisição de utensílios de copa e cozinha para atender as unidades admi- nistrativas da Secretaria Municipal de De- senvolvimento Social, CREAS e unidades do CRAS.",1975.68
CONTRATO,038,2025,1806,7,Município  de  Saquarema/,"Pablo Luis Martins",09.138.326/0001-54.,"Aquisição de utensílios de copa e cozinha para atender as unidades admi- nistrativas do Fundo Municipal da Criança e do Adolescente e o Abrigo Raio de Sol.",493.92
CONTRATO,042,2025,1806,7,Município  de  Saquarema/,"Pablo Luis Martins",09.138.326/0001-54.,"Aquisição de utensílios de copa e cozinha para atender o Centro Dia do Ido- so, Lar dos Idosos, Praça do Bem-Estar e o Centro de Convivência.",1481.76
CONTRATO,041,2025,1806,7,Município  de  Saquarema/,"Comercial   Marelly   LTDA",13.986.656/0001-77.,"Aquisição de utensílios de copa e cozinha para atender as unidades admi- nistrativas da Secretaria Municipal de De- senvolvimento Social, CREAS e unidades do CRAS.",4911.88
CONTRATO,039,2025,1806,7,Município  de  Saquarema/,"Comercial   Marelly   LTDA",13.986.656/0001-77.,"Aquisição de utensílios de copa e cozinha para atender as unidades admi- nistrativas do Fundo Municipal da Criança e do Adolescente e o Abrigo Raio de Sol.",865.92
CONTRATO,043,2025,1806,7,Município  de  Saquarema/,"Comercial   Marelly   LTDA",13.986.656/0001-77.,"Aquisição de utensílios de copa e cozinha para atender o Centro Dia do Ido- so, Lar dos Idosos, Praça do Bem-Estar e o Centro de Convivência.",4937.44
CONTRATO,042,2025,1806,7,Município  de  Saquarema/,"Empório Yudy Comercial EI-",34.027.513/0001-08.,"Aquisição de utensílios de copa e cozinha para atender as unidades admi- nistrativas da Secretaria Municipal de De- senvolvimento Social, CREAS e unidades do CRAS.",1404.00
CONTRATO,040,2025,1806,7,Município  de  Saquarema/,"Empório Yudy Comercial EI-",34.027.513/0001-08.,"Aquisição de utensílios de copa e cozinha para atender as unidades admi- nistrativas do Fundo Municipal da Criança e do Adolescente e o Abrigo Raio de Sol.",140.40
CONTRATO,044,2025,1806,7,Município  de  Saquarema/,"Empório Yudy Comercial EI-",34.027.513/0001-08.,"Aquisição de utensílios de copa e cozinha para atender o Centro Dia do Ido- so, Lar dos Idosos, Praça do Bem-Estar e o Centro de Convivência.",1404.00
CONTRATO,043,2025,1806,7,Município  de  Saquarema/,"JSR  Produtos  e  Serviços",60.313.504/0001-93.,"Aquisição de utensílios de copa e cozinha para atender as unidades admi- nistrativas da Secretaria Municipal de De- senvolvimento Social, CREAS e unidades do CRAS.",3645.12
CONTRATO,041,2025,1806,7,Município  de  Saquarema/,"JSR  Produtos  e  Serviços",60.313.504/0001-93.,"Aquisição de utensílios de copa e cozinha para atender as unidades admi- nistrativas do Fundo Municipal da Criança e do Adolescente e o Abrigo Raio de Sol.",466.72
CONTRATO,045,2025,1806,7,Município  de  Saquarema/,"JSR  Produtos  e  Serviços",60.313.504/0001-93.,"Aquisição de utensílios de copa e cozinha para atender o Centro Dia do Ido- so, Lar dos Idosos, Praça do Bem-Estar e o Centro de Convivência.",2475.84
CONTRATO,044,2025,1806,7,Município  de  Saquarema/,"Santana  Comércio  de  Uti-",07.665.456/0001-10.,"Aquisição de utensílios de copa e cozinha para atender as unidades admi- nistrativas da Secretaria Municipal de De- senvolvimento Social, CREAS e unidades do CRAS.",3117.40
CONTRATO,042,2025,1806,7,Município  de  Saquarema/,"Santana  Comércio  de  Uti-",07.665.456/0001-10.,"Aquisição de utensílios de copa e cozinha para atender as unidades admi- nistrativas do Fundo Municipal da Criança e do Adolescente e o Abrigo Raio de Sol.",892.00
CONTRATO,046,2025,1806,7,Município  de  Saquarema/,"Santana  Comércio  de  Uti-",07.665.456/0001-10.,"Aquisição de utensílios de copa e cozinha para atender o Centro Dia do Ido- so, Lar dos Idosos, Praça do Bem-Estar e o Centro de Convivência.",2996.60
CONTRATO,045,2025,1806,7,Município  de  Saquarema/,"Fabiana  Rodrigues  Pereira",26.427.828/0001-14.,"Aquisição de utensílios de copa e cozinha para atender as unidades admi- nistrativas da Secretaria Municipal de De- senvolvimento Social, CREAS e unidades do CRAS.",15383.91
CONTRATO,043,2025,1806,7,Município  de  Saquarema/,"Fabiana  Rodrigues  Pereira",26.427.828/0001-14.,"Aquisição de utensílios de copa e cozinha para atender as unidades admi- nistrativas do Fundo Municipal da Criança e do Adolescente e o Abrigo Raio de Sol.",3133.40
CONTRATO,047,2025,1806,7,Município  de  Saquarema/,"Fabiana  Rodrigues  Pereira",26.427.828/0001-14.,"Aquisição de utensílios de copa e cozinha para atender o Centro Dia do Ido- so, Lar dos Idosos, Praça do Bem-Estar e o Centro de Convivência.",13110.00
ATA_REGISTRO_PRECOS,164,2025,1806,7,Município de Saquarema,"Registro de Preços",,"Registro de preços para a even- tual e futura aquisição de materiais perso- nalizados, incluindo camisas para even- tos e brindes institucionais para atender as demandas da Secretaria Municipal de Des",24070.80
ATA_REGISTRO_PRECOS,165,2025,1806,7,Município de Saquarema,"Registro de Preços",,"Registro de preços para a even- tual e futura aquisição de materiais perso- nalizados, incluindo camisas para even- tos e brindes institucionais para atender as demandas da Secretaria Municipal de Des",137547.00
ATA_REGISTRO_PRECOS,166,2025,1806,7,Município de Saquarema,"Registro de Preços",,"Registro de preços para a even- tual e futura aquisição de materiais perso- nalizados, incluindo camisas para even- tos e brindes institucionais para atender as demandas da Secretaria Municipal de Des",115159.60
TERMO_ADITIVO,151 (Aditivo 3),2024,1806,7,Município de Saquarema,"Editora   a   Notícia   LTDA",40.213.951/0001-63.,"Prorrogação da vigência do con-",59769.00
TERMO_ADITIVO,080 (Aditivo 1),2024,1806,7,Município de Saquarema,"Sociedade  de  Ensino  Su-",34.075.739/0001-84.,"Prorrogação do prazo da vigên-",324480.00
CONTRATO,164,2025,1807,7,Município de Saquarema.,"Fortigo Comércio Atacadista",44.107.556/0001-57.,"Contratação de empresa para ATOS DA PREFEITA AVISOS, ATAS,",0.00
CONTRATO,165,2025,1807,7,Município de Saquarema.,"Gabba  Distribuidora  LTDA",59.553.839/0001-08.,"Contratação de empresa para fornecimento de gêneros alimentícios para a Secretaria Municipal dos Direitos dos Animais.",6576.00
CONTRATO,166,2025,1807,7,Município de Saquarema.,"JSR  Produtos  e  Serviços",60.313.504/0001-93.,"Contratação de empresa para fornecimento de gêneros alimentícios para a Secretaria Municipal dos Direitos dos Animais.",1005.20
TERMO_ADITIVO,017 (Aditivo 1),2024,1807,7,Município de Saquarema,"Gente   Seguradora   S.A.",90.180.605/0001-02.,"Prorrogação da vigência e redu-",4470.97
TERMO_ADITIVO,018 (Aditivo 1),2024,1807,7,Município de Saquarema,"Mapfre Seguros Gerais S.A.",61.074.175/0001-38.,"Prorrogação da vigência e rea-",1222.40
CONTRATO,180,2025,1808,8,Município de Saquarema.,"Licitanet Licitações Eletrôni-",21.280.462/0001-80.,"Contratação da plataforma de licitações eletrônicas – Licitanet, para a realização de licitação em meio digital, por intermédio da rede municipal de com- putadores.",0.00
CONTRATO,139,2025,1808,8,Município de Saquarema.,"Biidu    Som    Automóveis",59.441.901/0001-61.,"Contratação de empresa espe- cializada na locação de veículos leves (automóvel, caminhoneta e quadriciclo), motos aquáticas, motocicletas e serviços de manutenção preventiva e corretiva, com reposição",374400.00
CONTRATO,140,2025,1808,8,Município de Saquarema.,"Invista Business Distribuido-",16.820.967/0001-50.,"Contratação de empresa espe- cializada na locação de veículos leves (automóvel, caminhoneta e quadriciclo), motos aquáticas, motocicletas e serviços de manutenção preventiva e corretiva, com reposição",273600.00
CONTRATO,141,2025,1808,8,Município de Saquarema.,"Sibelly  Transportes  LTDA",40.217.234/0001-00.,"Contratação de empresa espe- cializada na locação de veículos leves (automóvel, caminhoneta e quadriciclo), motos aquáticas, motocicletas e serviços de manutenção preventiva e corretiva, com reposição",275165.76
CONTRATO,159,2025,1808,8,Município de Saquarema.,"Confianza   Transportes",03.632.896/0001-10.,"Contratação de empresa espe- cializada na locação de veículos leves (automóvel, caminhoneta e quadriciclo), motos aquáticas, motocicletas e serviços de manutenção preventiva e corretiva, com reposição",590248.56
TERMO_ADITIVO,179 (Aditivo 2),2023,1808,8,Município de Saquarema,"Sociedade  de  Ensino  Su-",34.075.739/0001-84.,"Prorrogação do prazo de vigência",168720.00
ATA_REGISTRO_PRECOS,154,2025,1809,8,Município de Saquarema,"Registro de Preços",,"Registro de Preços para a aquisi - ção de utensílios de cozinha para atender a demanda das unidades pertencentes a Secretaria Municipal de Educação, Cultu - ra, Inclusão, Ciência e Tecnologia.",190050.00
ATA_REGISTRO_PRECOS,155,2025,1809,8,Município de Saquarema,"Registro de Preços",,"Registro de Preços para a aquisi - ção de utensílios de cozinha para atender a demanda das unidades pertencentes a Secretaria Municipal de Educação, Cultu - ra, Inclusão, Ciência e Tecnologia. ATOS DA",0.00
ATA_REGISTRO_PRECOS,156,2025,1809,8,Município de Saquarema,"Registro de Preços",,"Registro de Preços para a aquisi - ção de utensílios de cozinha para atender a demanda das unidades pertencentes a Secretaria Municipal de Educação, Cultu - ra, Inclusão, Ciência e Tecnologia.",101412.00
ATA_REGISTRO_PRECOS,157,2025,1809,8,Município de Saquarema,"Registro de Preços",,"Registro de Preços para a aquisi - ção de utensílios de cozinha para atender a demanda das unidades pertencentes a Secretaria Municipal de Educação, Cultu - ra, Inclusão, Ciência e Tecnologia.",87200.00
ATA_REGISTRO_PRECOS,158,2025,1809,8,Município de Saquarema,"Registro de Preços",,"Registro de Preços para a aquisi - ção de utensílios de cozinha para atender a demanda das unidades pertencentes a Secretaria Municipal de Educação, Cultu - ra, Inclusão, Ciência e Tecnologia.",59688.00
ATA_REGISTRO_PRECOS,159,2025,1809,8,Município de Saquarema,"Registro de Preços",,"Registro de Preços para a aquisi - ção de utensílios de cozinha para atender a demanda das unidades pertencentes a Secretaria Municipal de Educação, Cultu - ra, Inclusão, Ciência e Tecnologia.",187028.00
ATA_REGISTRO_PRECOS,160,2025,1809,8,Município de Saquarema,"Registro de Preços",,"Registro de Preços para a aquisi - ção de utensílios de cozinha para atender a demanda das unidades pertencentes a Secretaria Municipal de Educação, Cultu - ra, Inclusão, Ciência e Tecnologia.",50240.00
ATA_REGISTRO_PRECOS,161,2025,1809,8,Município de Saquarema,"Registro de Preços",,"Registro de Preços para a aquisi - ção de utensílios de cozinha para atender a demanda das unidades pertencentes a Secretaria Municipal de Educação, Cultu - ra, Inclusão, Ciência e Tecnologia.",7472.00
ATA_REGISTRO_PRECOS,162,2025,1809,8,Município de Saquarema,"Registro de Preços",,"Registro de Preços para a aquisi - ção de utensílios de cozinha para atender a demanda das unidades pertencentes a Secretaria Municipal de Educação, Cultu - ra, Inclusão, Ciência e Tecnologia.",13544.00
ATA_REGISTRO_PRECOS,163,2025,1809,8,Município de Saquarema,"Registro de Preços",,"Registro de Preços para a aquisi - ção de utensílios de cozinha para atender a demanda das unidades pertencentes a Secretaria Municipal de Educação, Cultu - ra, Inclusão, Ciência e Tecnologia.",8000.00
ATA_REGISTRO_PRECOS,168,2025,1810,8,Município de Saquarema,"Registro de Preços",,"Registro de preço para contrata - ção de uma empresa para fornecimento de itens de saúde bucal para atender ao Projeto “Saúde Bucal nas Escolas” públi - cas do Município de Saquarema.",554592.68
ATA_REGISTRO_PRECOS,169,2025,1810,8,Município de Saquarema,"Registro de Preços",,"Registro de preço para contrata - ção de uma empresa para fornecimento de itens de saúde bucal para atender ao Projeto “Saúde Bucal nas Escolas” públi - cas do Município de Saquarema.",43422.28
TERMO_ADITIVO,198 (Aditivo 5),2021,1810,8,Município de Saquarema,"Salt Tecnologia LTDA",56.422.955/0001-91.,"Prorrogação da vigência do con",0.00
CONTRATO,163,2025,1811,7,Município de Saquarema.,"Artelagos Artefatos de Con-",39.845.656/0001-,"Contratação de empresa para prestação de serviços continuados de manutenção preventiva e corretiva, con- servação e recuperação de vias no Muni- cípio de Saquarema/RJ.",37825774.18
CONTRATO,186,2025,1811,7,Município de Saquarema.,"IVG  Brasil  LTDA",36.519.422/0001-15.,"Aquisição de ônibus rural escolar (ORE 2) para atender a demanda da Se- cretaria Municipal de Educação, Cultura, Inclusão, Ciência e Tecnologia do Municí- pio de Saquarema/RJ.",421971.65
TERMO_ADITIVO,225 (Aditivo 3),2022,1811,7,Município de Saquarema,"Instituto  Brasileiro  de  Pes-",07.209.300/0001-24.,"Prorrogação da vigência do con-",936000.00
TERMO_ADITIVO,226 (Aditivo 3),2022,1811,7,Município de Saquarema,"ACM     Distribuidora     de",38.439.197/0001-32.,"Prorrogação da vigência do con-",169900.80
TERMO_ADITIVO,035 (Aditivo 2),2023,1811,7,Município de Saquarema,"Pontogov   Consult   LTDA",44.538707/0001-21.,"Contratação de empresa para",156000.00
CONTRATO,183,2025,1812,8,Município de Saquarema.,"Cofranza Construtora LTDA",03.396.992/0001-06.,"Contratação de empresa espe - cializada na execução de obra de pavi- mentação, drenagem pluvial e sinalização viária da Avenida Barão de Saquarema e outros no bairro Itaúna, no Município de Saquarema/",27229208.33
CONTRATO,184,2025,1812,8,Município de Saquarema.,"Engebio       Engenharia",01.792.153/0001-81.,"Contratação de empresa espe - cializada na execução de obra de pavi- mentação, drenagem pluvial e sinalização viária das Ruas Casemiro de Abreu, Belo Horizonte e outras no bairro Jardim Ipitan - AVISO",0.00
CONTRATO,185,2025,1812,8,Município de Saquarema.,"Globo        Construções",33.854.563/0001-04.,"Contratação de empresa espe - cializada na execução de obra de pavi- mentação, drenagem pluvial e sinalização viária da Rua Golf Club e outras no bairro",0.00
TERMO_ADITIVO,018 (Aditivo 2),2024,1812,8,Município de Saquarema,"Auto Posto Bacaxá Saquare",40.161.465/0001-49.,"Prorrogação da vigência do con",2430020.04
TERMO_ADITIVO,046 (Aditivo 7),2022,1812,8,Município de Saquarema,"JP   Serviços   Construções",,"Repactuação do contrato nº",197039.60
ATA_REGISTRO_PRECOS,167,2025,1813,7,Município de Saquarema,"Registro de Preços",,"Registro de preços para a even- tual aquisição de gêneros alimentícios para lanches dos projetos que são ofe- recidos nos CRAS, CREAS e Centro de Convivência. próprio não amolecido e nem pegajosa. Ise",0.00
ATA_REGISTRO_PRECOS,167,2025,1813,7,Município de Saquarema,"Registro de Preços",,"Registro de preços para a eventual aquisição de gêneros alimentícios para lanches dos projetos que são oferecidos nos CRAS, CREAS e Centro de Convivência. Fornecedor Razão Social: Mercado São Lucas de",701581.44
ATA_REGISTRO_PRECOS,149,2025,1813,7,Município de Saquarema,"Registro de Preços",,"Registro de preços para a even- tual aquisição de materiais de limpeza, higiene e descartáveis para atender de- manda da Secretaria Municipal dos Direi- tos dos Animais. 28 459586 Fermento químico em ",701581.44
ATA_REGISTRO_PRECOS,150,2025,1813,7,Município de Saquarema,"Registro de Preços",,"Registro de preços para a even- tual aquisição de materiais de limpeza, higiene e descartáveis para atender de- manda da Secretaria Municipal dos Direi- tos dos Animais.",0.00
ATA_REGISTRO_PRECOS,150,2025,1813,7,Município de Saquarema,"Registro de Preços",,"Registro de preços para a eventual aquisição de materiais de limpeza, higiene e descartáveis para atender demanda da Secretaria Municipal dos Direitos dos Animais. Fornecedor Razão Social: FORTIGO COM",30702.60
ATA_REGISTRO_PRECOS,151,2025,1813,7,Município de Saquarema,"Registro de Preços",,"Registro de preços para a even- tual aquisição de materiais de limpeza, higiene e descartáveis para atender de- manda da Secretaria Municipal dos Direi- tos dos Animais.",412.80
ATA_REGISTRO_PRECOS,152,2025,1813,7,Município de Saquarema,"Registro de Preços",,"Registro de preços para a even- tual aquisição de materiais de limpeza, higiene e descartáveis para atender de- manda da Secretaria Municipal dos Direi- tos dos Animais.",3056.16
ATA_REGISTRO_PRECOS,153,2025,1813,7,Município de Saquarema,"Registro de Preços",,"Registro de preços para a even- tual aquisição de materiais de limpeza, higiene e descartáveis para atender de- manda da Secretaria Municipal dos Direi- tos dos Animais.",5940.24
ATA_REGISTRO_PRECOS,154,2025,1813,7,Município de Saquarema,"Registro de Preços",,"Registro de preços para a even- tual aquisição de materiais de limpeza, higiene e descartáveis para atender de- manda da Secretaria Municipal dos Direi- tos dos Animais.",4099.20
TERMO_ADITIVO,144 (Aditivo 1),2024,1813,7,Município de Saquarema,"Auto  Posto  Bacaxá  Saqua-",40.161.465/0001-,"Prorrogação da vigência do con-",0.00
TERMO_ADITIVO,020 (Aditivo 2),2022,1813,7,Município de Saquarema,"SENAI/RJ  –  Serviço  Nacio-",03.848.688/0001-52.,"Prorrogação da vigência do con-",574590.40
TERMO_ADITIVO,177 (Aditivo 4),2021,1814,7,Município de Saquarema,"Vigban  Engenharia  e  Sis-",07.383.226/0001-68.,"Prorrogação da vigência do con-",1120214.98
CONTRATO,189,2025,1815,7,Município de Saquarema,"Não identificada",,"Não especificado",0.00
CONTRATO,190,2025,1817,8,Município de Saquarema.,"Consórcio   Nova   Orla   II",63.918.307/0001-96.,"Contratação de empresa es- pecializada para execução de obra de reurbanização da Orla Lagoa - Centro, contemplando pavimentação, drenagem, instalação de ciclovia, estrutura de con- tenção, arborização",42788395.38
TERMO_ADITIVO,054 (Aditivo 3),2023,1817,8,Município de Saquarema,"Prontomar  Bazar  e  Refrige-",02.853.169/0001-,"Acréscimo do contrato nº",212825.67
TERMO_ADITIVO,244 (Aditivo 5),2022,1817,8,Município de Saquarema,"Ônix  Serviços  LTDA",03.638.457/0001-14.,"Prorrogação da vigência do con-",51174349.22
CONTRATO,048,2025,1818,8,Município  de  Saquarema/,"Mercado São Lucas de Porto",21.127.646/0001-,"Aquisição de gêneros alimentí- cios para atender o Centro Dia do Idoso.",495798.24
CONTRATO,049,2025,1818,8,Município  de  Saquarema/,"LCV    Pinheiro    Comércio",40.336.507/0001-35.,"Aquisição de gêneros alimentí- cios para atender o Centro Dia do Idoso.",4426.56
CONTRATO,201,2025,1818,8,Município de Saquarema,"Não identificada",,"Não especificado",0.00
CONTRATO,187,2025,1820,8,Município de Saquarema.,"Lintech   do   Brasil   LTDA",55.222.447/0001-05.,"Aquisição de fragmentadora de papel, com o objetivo de atender às de- mandas da Secretaria Municipal de Edu- cação, Cultura, Inclusão, Ciência e Tecno- logia.",20000.00
CONTRATO,203,2025,1820,8,Município de Saquarema.,"JPL      Metalúrgica      In-",33.890.604/0001-00.,"A contratação de empresa es- pecializada para aquisição e instalação de equipamentos recreativos, visando a construção e/ou reestruturação de áreas recreativa/lazer, existentes nas praças e espaços pú",7357920.00
TERMO_ADITIVO,06 (Aditivo 3),2022,1820,8,Município de Saquarema,"Estrutural Consultoria Técni-",,"O presente termo aditivo tem por",39866.76
CONTRATO,047,2025,1821,8,Município  de  Saquarema/,"KNERD Distribuidora LTDA",41.621.094/0001-01.,"Aquisição de diversos materiais de consumo e permanentes para atender o CRAS e o CREAS.",35920.60
ATA_REGISTRO_PRECOS,171,2025,1823,8,Município de Saquarema,"Registro de Preços",,"Aquisição de protetores solares corporais e faciais, no período de 12 me- ses.",139352.40
TERMO_ADITIVO,120 (Aditivo 1),2025,1823,8,Município de Saquarema,"JP   Serviços   Construções",21.214.056/0001-19.,"Repactuação do contrato nº",920916.81
TERMO_ADITIVO,102 (Aditivo 9),2022,1823,8,Município de Saquarema,"JP   Serviços   Construções",21.214.056/0001-19.,"Repactuação do contrato nº",5830368.12
CONTRATO,188,2025,1825,8,Município de Saquarema,"Não identificada",,"Não especificado",0.00
CONTRATO,167,2025,1825,8,Município de Saquarema.,"Sicafla  Comércio  de  Pro-",03.828.079/0001-31.,"Contratação de empresa para AVISOS, ATAS,",0.00
CONTRATO,168,2025,1825,8,Município de Saquarema.,"Plácidos  Comercial  LTDA",03.132.196/0001-66.,"Contratação de empresa para fornecimento contínuo, com entregas pro- gramadas, de itens de higiene pessoal e cuidados básicos destinados ao aten- dimento das demandas das creches da rede Municipal de ",47132.80
CONTRATO,169,2025,1825,8,Município de Saquarema.,"MFC  Distribuidora  e  Servi-",51.710.261/0001-36.,"Contratação de empresa para fornecimento contínuo, com entregas pro- gramadas, de itens de higiene pessoal e cuidados básicos destinados ao aten- dimento das demandas das creches da rede Municipal de ",246968.00
CONTRATO,170,2025,1825,8,Município de Saquarema.,"Marka   Carioca   Comercial",23.093.584/0001-92.,"Contratação de empresa para fornecimento contínuo, com entregas pro- gramadas, de itens de higiene pessoal e cuidados básicos destinados ao aten- dimento das demandas das creches da rede Municipal de ",107088.00
CONTRATO,172,2025,1825,8,Município de Saquarema.,"Plasvivo      Distribuidora",21.760.032/0001-65.,"Contratação de empresa para fornecimento contínuo, com entregas pro- gramadas, de itens de higiene pessoal e cuidados básicos destinados ao aten- dimento das demandas das creches da rede Municipal de ",50652.00
TERMO_ADITIVO,007 (Aditivo 1),2025,1825,8,Município de Saquarema,"MFC  Distribuidora  e  Servi-",51.710.261/0001-36.,"Acréscimo do valor do contrato",294311.52
TERMO_ADITIVO,109 (Aditivo 1),2024,1825,8,Município de Saquarema,"Fundação     Educacional",32.410.037/0001-84.,"Prorrogação da vigência e su-",872594.40
TERMO_ADITIVO,13 (Aditivo 2),2024,1825,8,Município de Saquarema,"Elite  Turistica  LTDA",03.011.107/0001-23.,"Acréscimo do contrato nº",4861575.60
TERMO_ADITIVO,115 (Aditivo 2),2024,1825,8,Município de Saquarema,"Elite  Turistica  LTDA",03.011.107/0001-23.,"Acréscimo do contrato nº",972315.12
CONTRATO,204,2025,1826,8,Município de Saquarema.,"Barreto  Engenharia  e  Par-",37.501.455/0001-,"Contratação de empresa para elaboração de projetos executivos em Building Information Modeling (BIM).",2091620.15
CONTRATO,001,2026,1826,8,Município de Saquarema.,"Editora   A   Notícia   LTDA",40.213.951/0001-63.,"Contratação de empresa espe- cializada em publicação de atos oficiais em jornal de grande circulação no Estado do Rio de Janeiro, a fim de atender as ne- cessidades de natureza contínua da Pre- feitur",144000.00
CONTRATO,205,2025,1827,8,Município de Saquarema.,"Grapho  Produtos  e  Ser",91.210.161/0001-65.,"Fornecimento de subscrição de licenças de softwares (bens ou direito de uso) e serviços associados (suporte técni - co, atualização e gestão de ativos), com o objetivo de atender às demandas de con - ",1448785.00
CONTRATO,202,2025,1828,8,Município de Saquarema.,"LCJ Empreendimentos e Ser-",41.775.787/0001-,"Aquisição de materiais esportivos diversos, para atender as necessidades de fomento esportivo, no Município de Saquarema/RJ.",664438.00
TERMO_ADITIVO,07 (Aditivo 2),2023,1828,8,Município de Saquarema,"Telefônica Brasil S/A",02.558.157/0001-62.,"O presente termo aditivo tem por",14887.20
TERMO_ADITIVO,246 (Aditivo 2),2023,1829,8,Município de Saquarema,"Colab Tecnologia e Serviços",19.381.604/0001-,"Prorrogação da vigência do con-",516952.18
CONTRATO,003,2026,1830,8,Município de Saquarema.,"Metah   LTDA",22.723.564/0001-95.,"Fornecimento de uniformes es- colares, visando atender as escolas pú- blicas, considerando a demanda das Uni- dades Escolares da Rede Municipal de Ensino do Município de Saquarema/RJ.",14531146.20
CONTRATO,004,2026,1830,8,Município de Saquarema.,"Metah   LTDA",22.723.564/0001-95.,"Fornecimento de tênis escolares, visando atender as escolas públicas, con- siderando a demanda das Unidades Es- colares da Rede Municipal de Ensino do Município de Saquarema/RJ.",5088691.00
ATA_REGISTRO_PRECOS,001,2026,1832,8,Município de Saquarema,"Registro de Preços",,"Registro de preço para futura e eventual aquisição de materiais de ar- tesanato para atender as oficinas dos CRAS, Centro Dia do Idoso e Centro de AVISOS, ATAS,",0.00
ATA_REGISTRO_PRECOS,002,2026,1832,8,Município de Saquarema,"Registro de Preços",,"Registro de preço para futura e eventual aquisição de materiais de ar- tesanato para atender as oficinas dos CRAS, Centro Dia do Idoso e Centro de Convivência.",0.00
ATA_REGISTRO_PRECOS,002,2026,1832,8,Município de Saquarema,"Registro de Preços",,"Registro de preço para futura e eventual aquisição de materiais de artesanato para atender as oficinas dos CRAS, Centro Dia do Idoso e Centro de Convivência. FORNECEDOR Razão Social: JLS Comércio, Ser",0.00
ATA_REGISTRO_PRECOS,002,2026,1832,8,Município de Saquarema,"Registro de Preços",,"Registro de preço para futura e eventual aquisição de materiais de artesanato para atender as oficinas dos CRAS, Centro Dia do Idoso e Centro de Convivência. FORNECEDOR Razão Social: JLS Comércio, Ser",402631.80
ATA_REGISTRO_PRECOS,003,2026,1832,8,Município de Saquarema,"Registro de Preços",,"Registro de preço para futura e eventual aquisição de materiais de ar- tesanato para atender as oficinas dos CRAS, Centro Dia do Idoso e Centro de Convivência. Frasco: 100ml 77 375443 Verniz Acabament",402631.80
ATA_REGISTRO_PRECOS,003,2026,1832,8,Município de Saquarema,"Registro de Preços",,"Registro de preço para futura e eventual aquisição de materiais de artesanato para atender as oficinas dos CRAS, Centro Dia do Idoso e Centro de Convivência. FORNECEDOR RAZÃO SOCIAL: Moratta Serviços ",162604.00
ATA_REGISTRO_PRECOS,004,2026,1832,8,Município de Saquarema,"Registro de Preços",,"Registro de preço para futura e eventual aquisição de materiais de ar- tesanato para atender as oficinas dos CRAS, Centro Dia do Idoso e Centro de Convivência.",37078.20
TERMO_ADITIVO,003 (Aditivo 2),2024,1832,8,Município de Saquarema,"Consórcio  Nova  Conectivi-",53.400.721/0001-,"Prorrogação da vigência do con-",4161001.17
TERMO_ADITIVO,001 (Aditivo 3),2023,1832,8,Município de Saquarema,"Exata  Consultoria  e  Asses-",08.905.877/0001-33.,"Prorrogar o contrato de presta-",56608.90
CONTRATO,006,2026,1833,8,Município de Saquarema.,"LQC   Construções   LTDA",31.703.439/0001-04.,"Contratação de empresa espe- cializada para a aquisição com instalação de grama sintética, visando a construção de novas quadras poliesportivas e espa- ços públicos nas praças do Município, as- sim co",1426460.00
CONTRATO,191,2025,1833,8,Município de Saquarema.,"Dominios     Participações",52.968.361/0001-20.,"Aquisição de utensílios de cozi- nha para atender a demanda das unida- des pertencentes a Secretaria Municipal de Educação, Cultura, Inclusão, Ciência e Tecnologia.",190050.00
CONTRATO,192,2025,1833,8,Município de Saquarema.,"LCJ Empreendimentos e Ser-",41.775.787/0001-,"Aquisição de utensílios de cozi- nha para atender a demanda das unida- des pertencentes a Secretaria Municipal de Educação, Cultura, Inclusão, Ciência e Tecnologia.",1441320.00
CONTRATO,193,2025,1833,8,Município de Saquarema.,"MHT  Distribuidora  e  Servi-",44.929.522/0001-48.,"Aquisição de utensílios de cozi- nha para atender a demanda das unida- des pertencentes a Secretaria Municipal de Educação, Cultura, Inclusão, Ciência e Tecnologia.",101412.00
CONTRATO,194,2025,1833,8,Município de Saquarema.,"Santana Werneck Comercial",11.186.469/0001-83.,"Aquisição de utensílios de cozi- nha para atender a demanda das unida- des pertencentes a Secretaria Municipal de Educação, Cultura, Inclusão, Ciência e Tecnologia.",87200.00
CONTRATO,195,2025,1833,8,Município de Saquarema.,"OP  Importados  -  Fabia-",26.427.828/0001-14.,"Aquisição de utensílios de cozi- nha para atender a demanda das unida- des pertencentes a Secretaria Municipal de Educação, Cultura, Inclusão, Ciência e Tecnologia.",59688.00
CONTRATO,196,2025,1833,8,Município de Saquarema.,"Empresa  Inttech  Servi-",44.987.427/0001-09.,"Aquisição de utensílios de cozi- nha para atender a demanda das unida- des pertencentes a Secretaria Municipal de Educação, Cultura, Inclusão, Ciência e Tecnologia.",187028.00
CONTRATO,197,2025,1833,8,Município de Saquarema.,"LM-X Serviços Combinados",50.982.466/0001-08.,"Aquisição de utensílios de cozi- nha para atender a demanda das unida- des pertencentes a Secretaria Municipal de Educação, Cultura, Inclusão, Ciência e Tecnologia.",50240.00
CONTRATO,198,2025,1833,8,Município de Saquarema.,"PS Plataforma Digital LTDA",54.570.369/0001-69.,"Aquisição de utensílios de cozi- nha para atender a demanda das unida- des pertencentes a Secretaria Municipal de Educação, Cultura, Inclusão, Ciência e Tecnologia.",7472.00
CONTRATO,199,2025,1833,8,Município de Saquarema.,"Santana  Comércio  de  Uti-",07.665.456/0001-10.,"Aquisição de utensílios de cozi- nha para atender a demanda das unida- des pertencentes a Secretaria Municipal de Educação, Cultura, Inclusão, Ciência e Tecnologia.",13544.00
CONTRATO,200,2025,1833,8,Município de Saquarema.,"R&P Consultoria e Engenha-",57.748.174/0001-54.,"Aquisição de utensílios de cozi- nha para atender a demanda das unida- des pertencentes a Secretaria Municipal de Educação, Cultura, Inclusão, Ciência e Tecnologia.",8000.00
ATA_REGISTRO_PRECOS,006,2026,1833,8,Município de Saquarema,"Registro de Preços",,"Registro de preços para eventual contratação de aquisição de lixeiras tipo cesto, com guia de giro, para atender as necessidades de limpeza urbana do Mu- nicípio de Saquarema/RJ.",825000.00
ATA_REGISTRO_PRECOS,005,2026,1833,8,Município de Saquarema,"Registro de Preços",,"Registro de preços para futura e eventual contratação de empresa es- pecializada na locação de veículos auto- motores do tipo van, zero quilômetro, sem combustível e sem motorista, destinados ao atend",961200.00
TERMO_ADITIVO,116 (Aditivo 10),2021,1833,8,Município de Saquarema,"AMX Comércio e Represen-",26.726.146/0001-,"Repactuação do contrato nº",0.00