Tipo,Numero,Ano,Edicao,Ano_Edicao,Data_Publicacao,Assunto
EDITAL,001,2022,1785,7,,"Registre-se, publique-se e cumpra-se."
EDITAL,002,2022,1785,7,,"Registre-se, publique-se e cumpra-se."
EDITAL,002,2022,1785,7,,"EDITAL DE CONVOCAÇÃO Nº 26"
EDITAL,001,2022,1785,7,,"EDITAL DE CONVOCAÇÃO Nº 53"
PORTARIA,06,2025,1787,7,2025-11-03,"Estabelece as normas e procedimentos"
EDITAL,002,2022,1789,7,,"PARA EXAME ADMISSIONAL,"
PORTARIA,63,2025,1790,7,2025-11-04,"A PRESIDENTE DO IPRES - Instituto de"
EDITAL,002,2022,1793,7,,"Registre-se, publique-se e cumpra-se."
PORTARIA,07,2025,1796,7,2025-11-14,"Dispõe sobre as diretrizes para imple-"
EDITAL,002,2022,1797,7,,"Registre-se, publique-se e cumpra-se."
EDITAL,002,2022,1797,7,,"EDITAL DE CONVOCAÇÃO Nº 27"
EDITAL,002,2022,1797,7,,"PARA EXAME ADMISSIONAL,"
EDITAL,1,2025,1798,7,,"CONVOCAÇÃO PARA A"
PORTARIA,64,2025,1802,7,2025-11-26,"A PRESIDENTE DO IPRES - Instituto de"
EDITAL,002,2022,1807,7,,"Registre-se, publique-se e cumpra-se."
EDITAL,002,2022,1807,7,,"EDITAL DE CONVOCAÇÃO Nº 28"
PORTARIA,06,2025,1811,7,2025-01-02,", e de acordo com a"
EDITAL,002,2022,1812,8,,"A nomeada exercerá suas atribuições em"
EDITAL,002,2022,1812,8,,"APRESENTAÇÃO DE EXAMES"
EDITAL,002,2022,1812,8,,"e que tiveram solicitações"
PORTARIA,08,2025,1814,7,2025-12-11,"Estabelece o Calendário Escolar para o"
DECRETO,922,2010,1816,7,2010-05-07,", que trata dos"
DECRETO,922,2010,1816,7,2010-05-07,", passa a vigorar com as seguintes"
PORTARIA,83,2025,1816,7,2025-12-16,"O Presidente da Câmara Municipal de"
PORTARIA,84,2025,1816,7,2025-12-16,"O Presidente da Câmara Municipal de"
PORTARIA,85,2025,1816,7,2025-12-16,"Dispõe sobre o uso da vestimenta para"
DECRETO,922,2010,1820,8,2010-05-07,", que trata dos"
DECRETO,922,2010,1820,8,2010-05-07,", passa a vigorar com as seguintes"
EDITAL,03,2024,1820,8,,"Maria Nazareth"
EDITAL,03,2024,1820,8,,"Carolina Burgos"
EDITAL,03,2024,1820,8,,"Maria Angelica"
EDITAL,03,2024,1820,8,,"Maria Solange"
EDITAL,03,2024,1820,8,,"Marly Gomes Brasil"
EDITAL,03,2024,1820,8,,"Jacqueline Maria Silva"
EDITAL,03,2024,1820,8,,"Adriana Soares Leal"
EDITAL,03,2024,1820,8,,"Ana Cláudia"
EDITAL,03,2024,1820,8,,"Ana Lucia Marino"
EDITAL,03,2024,1820,8,,"10 Aprovado"
EDITAL,03,2024,1820,8,,"11 Aprovado"
EDITAL,03,2024,1820,8,,"12 Aprovado"
EDITAL,03,2024,1820,8,,"13 Aprovado"
EDITAL,03,2024,1820,8,,"14 Aprovado"
EDITAL,03,2024,1820,8,,"15 Aprovado"
EDITAL,03,2024,1820,8,,"16 Aprovado"
EDITAL,03,2024,1820,8,,"17 Aprovado"
EDITAL,03,2024,1820,8,,"18 Aprovado"
EDITAL,03,2024,1820,8,,"19 Aprovado"
EDITAL,03,2024,1820,8,,"20 Aprovado"
EDITAL,03,2024,1820,8,,"21 Aprovado"
EDITAL,03,2024,1820,8,,"22 Aprovado"
EDITAL,03,2024,1820,8,,"23 Aprovado"
EDITAL,03,2024,1820,8,,"Lilia Rute Costa"
EDITAL,03,2024,1820,8,,"25 Aprovado"
EDITAL,03,2024,1820,8,,"26 Aprovado"
EDITAL,03,2024,1820,8,,"27 Aprovado"
EDITAL,03,2024,1820,8,,"28 Aprovado"
EDITAL,03,2024,1820,8,,"29 Aprovado"
EDITAL,03,2024,1820,8,,"Organização Educacional Will"
EDITAL,03,2024,1820,8,,"Ano VIII ● Nº 1820"
EDITAL,04,2024,1820,8,,"01 Aprovado"
EDITAL,04,2024,1820,8,,"02 Aprovado"
EDITAL,04,2024,1820,8,,"03 Aprovado"
EDITAL,04,2024,1820,8,,"Rodrigo Huguenin"
EDITAL,04,2024,1820,8,,"05 Reprovado"
EDITAL,04,2024,1820,8,,"06 Aprovado"
EDITAL,04,2024,1820,8,,"07 Aprovado"
EDITAL,04,2024,1820,8,,"08 Aprovado"
EDITAL,04,2024,1820,8,,"09 Aprovado"
EDITAL,04,2024,1820,8,,"10 Aprovado"
EDITAL,04,2024,1820,8,,"11 Aprovado"
EDITAL,04,2024,1820,8,,"12 Aprovado"
EDITAL,04,2024,1820,8,,"13 Aprovado"
EDITAL,04,2024,1820,8,,"14 Aprovado"
EDITAL,04,2024,1820,8,,"15 Aprovado"
EDITAL,04,2024,1820,8,,"16 Aprovado"
EDITAL,04,2024,1820,8,,"17 Aprovado"
EDITAL,04,2024,1820,8,,"18 Aprovado"
EDITAL,04,2024,1820,8,,"19 Aprovado"
EDITAL,04,2024,1820,8,,"20 Aprovado"
EDITAL,04,2024,1820,8,,"21 Aprovado"
EDITAL,04,2024,1820,8,,"22 Aprovado"
EDITAL,04,2024,1820,8,,"23 Aprovado"
EDITAL,04,2024,1820,8,,"24 Aprovado"
EDITAL,04,2024,1820,8,,"25 Aprovado"
EDITAL,04,2024,1820,8,,"26 Aprovado"
EDITAL,04,2024,1820,8,,"27 Aprovado"
EDITAL,04,2024,1820,8,,"28 Aprovado"
EDITAL,04,2024,1820,8,,"29 Aprovado"
EDITAL,04,2024,1820,8,,"30 Aprovado"
EDITAL,04,2024,1820,8,,"31 Aprovado"
EDITAL,04,2024,1820,8,,"32 Aprovado"
EDITAL,04,2024,1820,8,,"33 Aprovado"
EDITAL,04,2024,1820,8,,"34 Aprovado"
EDITAL,04,2024,1820,8,,"35 Aprovado"
EDITAL,04,2024,1820,8,,"36 Aprovado"
EDITAL,04,2024,1820,8,,"37 Aprovado"
EDITAL,04,2024,1820,8,,"38 Aprovado"
EDITAL,04,2024,1820,8,,"39 Aprovado"
EDITAL,04,2024,1820,8,,"40 Aprovado"
EDITAL,04,2024,1820,8,,"Aprovado com"
EDITAL,04,2024,1820,8,,"42 Aprovado"
EDITAL,04,2024,1820,8,,"43 Aprovado"
EDITAL,04,2024,1820,8,,"44 Aprovado"
EDITAL,04,2024,1820,8,,"45 Aprovado"
EDITAL,04,2024,1820,8,,"46 Aprovado"
EDITAL,04,2024,1820,8,,"47 Aprovado"
EDITAL,04,2024,1820,8,,"48 Aprovado"
EDITAL,05,2024,1820,8,,"Maria Clara Valle de"
EDITAL,05,2024,1820,8,,"Rodrigo Huguenin"
EDITAL,05,2024,1820,8,,"3 Reprovado"
EDITAL,05,2024,1820,8,,"Marcelo da Conceição"
EDITAL,05,2024,1820,8,,"Cintia Torres de"
EDITAL,05,2024,1820,8,,"Bruno Siston Vicente"
EDITAL,05,2024,1820,8,,"28 projetos na categoria de R$ 10.000 (dez mil reais)"
EDITAL,05,2024,1820,8,,"SIXTEEN CREW"
EDITAL,05,2024,1820,8,,"Aprovado com"
EDITAL,05,2024,1820,8,,"Anick Lorena da Silva"
EDITAL,05,2024,1820,8,,"Brian Costa de Mello"
EDITAL,05,2024,1820,8,,"Vera Lúcia de Souza e"
EDITAL,05,2024,1820,8,,"Aretha Alves da Cruz"
EDITAL,05,2024,1820,8,,"Luis Carlos da Rocha"
EDITAL,05,2024,1820,8,,"Marcelo Antônio de"
EDITAL,05,2024,1820,8,,"Raquel Silva de Oliveira"
EDITAL,05,2024,1820,8,,"Cintia Fasano Leão"
EDITAL,05,2024,1820,8,,"11 Aprovado"
EDITAL,05,2024,1820,8,,"12 Aprovado"
EDITAL,05,2024,1820,8,,"13 Aprovado"
EDITAL,05,2024,1820,8,,"14 Aprovado"
EDITAL,05,2024,1820,8,,"15 Aprovado"
EDITAL,05,2024,1820,8,,"16 Aprovado"
EDITAL,05,2024,1820,8,,"Rúben Torres de"
EDITAL,05,2024,1820,8,,"18 Aprovado"
EDITAL,05,2024,1820,8,,"19 Aprovado"
EDITAL,05,2024,1820,8,,"20 Aprovado"
EDITAL,05,2024,1820,8,,"21 Aprovado"
EDITAL,05,2024,1820,8,,"22 Aprovado"
EDITAL,05,2024,1820,8,,"23 Aprovado"
EDITAL,05,2024,1820,8,,"Felipe de Souza Cunha"
EDITAL,05,2024,1820,8,,"25 Aprovado"
EDITAL,05,2024,1820,8,,"26 Aprovado"
EDITAL,05,2024,1820,8,,"27 Aprovado"
EDITAL,05,2024,1820,8,,"28 Aprovado"
PORTARIA,01,2026,1823,8,2026-01-05,"A PREFEITA MUNICIPAL DE SAQUA-"
PORTARIA,02,2026,1823,8,2026-01-05,"A PREFEITA MUNICIPAL DE SAQUA-"
EDITAL,001,2026,1823,8,,"DISPÕE SOBRE O PROCESSO SELE-"
PORTARIA,03,2026,1824,8,2026-01-05,"A PREFEITA MUNICIPAL DE SAQUA-"
PORTARIA,04,2026,1824,8,2026-01-05,"A PREFEITA MUNICIPAL DE SAQUA-"
PORTARIA,05,2026,1824,8,2026-01-05,"A PREFEITA MUNICIPAL DE SAQUA-"
PORTARIA,06,2026,1824,8,2026-01-05,"A PREFEITA MUNICIPAL DE SAQUA-"
PORTARIA,07,2026,1824,8,2026-01-05,"A PREFEITA MUNICIPAL DE SAQUA-"
PORTARIA,08,2026,1824,8,2026-01-06,"A PREFEITA MUNICIPAL DE SAQUA-"
PORTARIA,06,2025,1824,8,2025-01-02,"e de acordo com a Lei Municipal nº"
PORTARIA,04,2026,1825,8,2026-01-05,"A PREFEITA MUNICIPAL DE SAQUA-"
PORTARIA,07,2026,1825,8,2026-01-06,"A PREFEITA MUNICIPAL DE SAQUA-"
PORTARIA,09,2026,1825,8,2026-01-07,"A PREFEITA MUNICIPAL DE SAQUA-"
PORTARIA,10,2026,1825,8,2026-01-07,"A PREFEITA MUNICIPAL DE SAQUA-"
PORTARIA,11,2026,1825,8,2026-01-07,"A PREFEITA MUNICIPAL DE SAQUA-"
PORTARIA,12,2026,1825,8,2026-01-07,"A PREFEITA MUNICIPAL DE SAQUA-"
PORTARIA,13,2026,1825,8,2026-01-07,"A PREFEITA MUNICIPAL DE SAQUA-"
PORTARIA,14,2026,1825,8,2026-01-07,"A PREFEITA MUNICIPAL DE SAQUA-"
PORTARIA,15,2026,1826,8,2026-01-07,"A PREFEITA MUNICIPAL DE SAQUA-"
PORTARIA,16,2026,1826,8,2026-01-07,"A PREFEITA MUNICIPAL DE SAQUA-"
PORTARIA,17,2026,1826,8,2026-01-08,"A PREFEITA MUNICIPAL DE SAQUA-"
PORTARIA,18,2026,1826,8,2026-01-08,"A PREFEITA MUNICIPAL DE SAQUA-"
PORTARIA,19,2026,1826,8,2026-01-08,"A PREFEITA MUNICIPAL DE SAQUA-"
PORTARIA,20,2026,1826,8,2026-01-08,"A PREFEITA MUNICIPAL DE SAQUA-"
PORTARIA,21,2026,1826,8,2026-01-08,"A PREFEITA MUNICIPAL DE SAQUA-"
PORTARIA,22,2026,1826,8,2026-01-08,"A PREFEITA MUNICIPAL DE SAQUA-"
PORTARIA,23,2026,1826,8,2026-01-08,"A PREFEITA MUNICIPAL DE SAQUA-"
LEI,2824,2025,1826,8,2025-12-22,"Estado do Rio de Janeiro"
PORTARIA,24,2026,1827,8,2026-01-09,"A PREFEITA MUNICIPAL DE SAQUA-"
PORTARIA,25,2026,1827,8,2026-01-09,"A PREFEITA MUNICIPAL DE SAQUA-"
PORTARIA,26,2026,1828,8,2026-01-09,"A PREFEITA MUNICIPAL DE SAQUA-"
PORTARIA,27,2026,1830,8,2026-01-14,"A PREFEITA MUNICIPAL DE SAQUA-"
PORTARIA,28,2026,1830,8,2026-01-14,"A PREFEITA MUNICIPAL DE SAQUA-"
PORTARIA,29,2026,1830,8,2026-01-14,"A PREFEITA MUNICIPAL DE SAQUA-"
PORTARIA,30,2026,1830,8,2026-01-14,"A PREFEITA MUNICIPAL DE SAQUA-"
PORTARIA,31,2026,1830,8,2026-01-14,"A PREFEITA MUNICIPAL DE SAQUA-"
PORTARIA,32,2026,1830,8,2026-01-14,"A PREFEITA MUNICIPAL DE SAQUA-"
PORTARIA,33,2026,1830,8,2026-01-14,"A PREFEITA MUNICIPAL DE SAQUA-"
PORTARIA,34,2026,1831,8,2026-01-15,"A PREFEITA MUNICIPAL DE SAQUA-"
PORTARIA,35,2026,1831,8,2026-01-15,"A PREFEITA MUNICIPAL DE SAQUA-"
PORTARIA,36,2026,1831,8,2026-01-15,"A PREFEITA MUNICIPAL DE SAQUA-"
PORTARIA,37,2026,1832,8,2026-01-16,"A PREFEITA MUNICIPAL DE SAQUA-"
PORTARIA,38,2026,1833,8,2026-01-19,"A PREFEITA MUNICIPAL DE SAQUA-"