Cargo Atual,Quant.
Agente Administrativo,30
Agente Comunitario de Saude,53
Agente de Combate as Endemias,61
Agente Fiscal de Obras,8
Agente Fiscal de Posturas,10
Almoxarife,1
Analista Tributario,1
Arquiteto,1
Assistente Administrativo,242
Assistente Juridico,2
Assistente Social,31
Atendente,14
Auditor Fiscal,5
Auxiliar Administrativo,2
Auxiliar de Disciplina,232
Auxiliar de Educacao Infantil,441
Auxiliar de Enfermagem,51
Auxiliar de Servicos Gerais,43
Auxiliar Oper. Serv. Saude,1
Bibliotecario,2
Biologo,2
CCE - Coordenador de Atividades Diversificadas,5
CCE - Coordenador de Turno do Polo Escola Viva,9
CCE - Diretor de Polo Programa Escola Viva,3
CCE- Coordenador de Atividade de Creche Cat-A,11
CCE- Coordenador de Atividade de Creche Cat-B,26
CCE- Coordenador de Atividade de Creche Cat-C,3
CCE- Coordenador de Turno de Creche Cat-A,5
CCE- Coordenador de Turno de Creche Cat-B,25
CCE- Coordenador de Turno de Creche Cat-C,6
CCE-1 Administrador Sub Posto de Saúde,1
CCE-1 Chefe de Servico,19
CCE-1 Chefe de Turma,5
CCE-10 Assessor Adjunto de Criação de Conteúdo (SMCS),1
CCE-10 Assessor Adjunto de Urbanismo (SMU),1
CCE-10 Assessor de Conformidade Processual (SMDS),4
CCE-10 Assessor de Contratos de Gestão em Saúde (SMS),4
CCE-10 Assessor de Contratos e Convênios (SMDS),1
CCE-10 Assessor de Controle e Avaliação (Saúde),1
CCE-10 Assessor de Estatística e Gestão de Pol. Sociais(SMDS,1
CCE-10 Assessor de Fiscalizaçao (SMU),1
CCE-10 Assessor de Jornalismo (SMCS),2
CCE-10 Assessor de Planejamento em Saúde,1
CCE-10 Assessor de Pol. Pub. e Assist. a Mulher (SMM),4
CCE-10 Assessor de Políticas e Programas Sociais (SMDS),2
CCE-10 Assessor de Procedimentos Contábeis (SMDS),2
CCE-10 Assessor de Processos Administrativos,3
CCE-10 Assessor Especial,9
CCE-10 Coordenador de Controle Interno (CGM),1
CCE-10 Coordenador de Programas de Des. Social,20
CCE-10 Coordenador do Prog.de Enfermagem para Atenção Básica,2
CCE-10 Coordenador do Prog.de Farmácia,1
CCE-10 Coordenador do Prog.de Oftalmologia,1
CCE-10 Diretor Adj de Proteção de Areas Maritimas (SMSOP),1
CCE-10 Diretor Adjunto de Eventos (SMELTur),2
CCE-10 Diretor Adjunto de Publicações (SMGab),1
CCE-10 Diretor Adjunto de Publicações Oficiais (SMCS),1
CCE-10 Diretor de Clínica Veterinária,1
CCE-10 Diretor de Clinica Veterinaria (SMDir.Animais),1
CCE-10 Diretor de Logística Ambiental (SMI),1
CCE-10 Diretor de Procedimentos Administrativos (PGM),1
CCE-10 Diretor de Recursos Humanos (SMS),1
CCE-10 Diretor Geral,2
CCE-10 Diretor Geral de Finanças (SMF),1
CCE-10 Diretor Geral de Mediçao (Sec.Mun.Obras e Infra),1
CCE-10 Diretor Geral de Prestação de Contas(Controladoria,1
CCE-10 Diretor Jurídico Adjunto de Licitações (SMGIT),1
CCE-11 Administrador Distrital (SMTSP),4
CCE-11 Assessor de Análise Ambiental (SMMA),1
CCE-11 Assessor de Comunicação em Redes Sociais (SMCS),5
CCE-11 Assessor de Contratos Administrativos (SMDE),2
CCE-11 Assessor de Controle de Acomp de Obras Publ (SMOI),7
CCE-11 Assessor de Criação de Conteúdos (SMCS),3
CCE-11 Assessor de Gabinete (SMECICT),3
CCE-11 Assessor de Incentivo a Cultura (SMECICT),1
CCE-11 Assessor de Operacoes e Coordenacao (SMGS),2
CCE-11 Assessor de Orçamento de Obras Publicas (SMOI),1
CCE-11 Assessor de Políticas de Proj e Prog Inclusão Educaci,1
CCE-11 Assessor de Projetos e Obras Publicas (SMOI),3
CCE-11 Assessor de Projetos Especiais (SMAE),1
CCE-11 Assessor de Transporte e Servicos Publicos (SMTSP),4
CCE-11 Assessor de Urbanismo (SMU),3
CCE-11 Assessor Especial Adjunto da Saude,1
CCE-11 Assessor Especial Adjunto de Agr, Abastec. e Pesca,1
CCE-11 Assessor Especial Adjunto de Desenv. Social,1
CCE-11 Assessor Especial de Gabinete (SMDir.Animais),1
CCE-11 Assessor Especial de Gabinete (SMG),1
CCE-11 Assessor Especial de Gabinete (SMGab),7
CCE-11 Assessor Especial de Infraestrutura (SMI),6
CCE-11 Coordenador de Planejamento (SMP),1
CCE-11 Coordenador de Programação Orçamentária (SMP),1
CCE-11 Coordenador de Turno,3
CCE-11 Diretor Adjunto de Integração de Reg Fiscais (SMF),1
CCE-11 Diretor da Casa de Cultura Walmir Ayala (SMECICT),1
CCE-11 Diretor de Ações p/ Envelhecimento Saudável (SMDS),1
CCE-11 Diretor de Contabilidade do Fundo Municipal de Saúde,1
CCE-11 Diretor de Contratos Administrativos (SMGIT),1
CCE-11 Diretor de Cultura  (SMEC),1
CCE-11 Diretor de Departamento Financeiro  (SMEC),1
CCE-11 Diretor de Eventos Agropecuários (SMAAPesca),1
CCE-11 Diretor de Fisc e Proteção de Área Pública (SMSOP),1
CCE-11 Diretor de Habitação (SMDes.Social),1
CCE-11 Diretor de Monitoramento e Aval.Orçamentári (SMP),1
CCE-11 Diretor de Orçamento (SMP),1
CCE-11 Diretor de Serv. de Educ. Perm. e Com. da Saude (SMS),1
CCE-11 Diretor de Serviços de Transporte da Saude (SMS),1
CCE-11 Diretor de Trabalho e Renda (SMDes.Social),1
CCE-11 Diretor de Transportes (SMTSP),1
CCE-11 Diretor de Transportes Concedidos (SMTSP),1
CCE-11 Diretor de Transportes e Serviços Publicos (SMTSP),1
CCE-11 Diretor de Urbanismo (SMU),1
CCE-11 Diretor Geral de Avaliação (SMART),1
CCE-11 Diretor Geral de Cont.de Gestão em Saude Bas (SMS),1
CCE-11 Diretor Geral de Cont.de Gestão em Saude Esp (SMS),1
CCE-11 Diretor Geral de Fiscalização de Urbanismo (SMU),1
CCE-11 Diretor Geral de Procedimentos Administrativos(PGM),1
CCE-11 Diretor Geral de Procedimentos Administrativos(SMI),1
CCE-11 Diretor Geral de Vigilância em Saúde (SMS),1
CCE-11 Ouvidor Municipal (SMCS),1
CCE-12 Assessor de Atividades Culturais (SMECICT),2
CCE-12 Assessor de Gabinete (SMDE),1
CCE-12 Assessor de Integracao Administrativa (SMRI),1
CCE-12 Assessor de Manut e Acomp de Obras da Educação,10
CCE-12 Assessor de Monit., Aval., e Part. Social (SMGS),1
CCE-12 Assessor de Políticas de Des. Local (SMDE),1
CCE-12 Assessor de Politicas Publicas de Educaçao,1
CCE-12 Assessor de Proj. Esp., Contratos e Convênios(Saúde),1
CCE-12 Assessor de Projetos Culturais (SMECICT),2
CCE-12 Assessor de Projetos Estrategicos (SMGS),1
CCE-12 Assessor de Recursos Humanos da Educação,1
CCE-12 Assessor do Programa Educ. Conexao Universitaria,1
CCE-12 Assessor Espec de Análise de Conformidades Processual,1
CCE-12 Assessor Espec de Compras e Órgão Gerenci da Educação,1
CCE-12 Assessor Especial de Gestão, Inov e Tecnol (SMGIT),1
CCE-12 Assessor Especializado de Contratos e Convêni da Educ,1
CCE-12 Assessor Especializado de Tec.Info. da Educacao,2
CCE-12 Assessor Especializado Operacional da Educação,5
CCE-12 Assessor Juridico,4
CCE-12 Assessor Proj. de Cap. de Rec. de Outros Entes (SMP),3
CCE-12 Diretor Adjunto do Fundo Municipal de Saude (SMS),1
CCE-12 Diretor de Comunicação em Redes Sociais (SMCS),1
CCE-12 Diretor de Comunicação Social (SMCS),1
CCE-12 Diretor de Departamento Administrativo (SMECICT),1
CCE-12 Diretor de Finanças do Desenvolvimento Social,1
CCE-12 Diretor de Gestão de Cadastros de Prog. Sociais(SMDS),1
CCE-12 Diretor de Políticas e Programas Sociais (SMDS),1
CCE-12 Diretor de Procedimentos Adm da Saude (SMS),1
CCE-12 Diretor de Projetos Esp,Contratos e Convenios(SMS),1
CCE-12 Diretor Geral de Obras e Medições (SMOI),1
CCE-12 Diretor Jurídico de Licitações (SMGIT),1
CCE-12 Diretor Tec. Orçamentos, Projetos e Obras Públicas,4
CCE-12 Diretor-Geral de Pub. e Atos Oficiais (SMG),1
CCE-13 Assessor de Protecao Social Basica (SMDS),1
CCE-13 Assessor de Protecao Social Especial (SMDS),1
CCE-13 Assessor Especial de Fiscalização (SMU),1
CCE-13 Assessor Juridico Especial (PGM),2
CCE-13 Coordenador Pedagógico,6
CCE-13 Dir Geral Centro de Capac Profis.José Carlos Cabral,1
CCE-13 Dir Geral do Centro de Capac Prof. Vinicius V. França,1
CCE-13 Diretor de Áreas Protegidas e Des. Sustentável (SMMA),1
CCE-13 Diretor de Controle Ambiental e Pós Licença (SMMA),1
CCE-13 Diretor de Esporte (SMELT),1
CCE-13 Diretor de Eventos (SMELT),1
CCE-13 Diretor de Gestão Ambiental de Obras Públicas (SMMA),1
CCE-13 Diretor de PLanejamento de Acoes Sociais,1
CCE-13 Diretor de Projetos Estratégicos (SMGS),1
CCE-13 Diretor de Turismo (SMELT),1
CCE-13 Diretor Geral de Obras Públicas,3
CCE-13 Diretor Op. de Media e alta Complexidade (SMS),1
CCE-14 Administrador Regional (SMTSP),8
CCE-14 Assessor de Compras (SMGIT),1
CCE-14 Assessor de Fiscalização de Procedimentos Adm (CGM),3
CCE-14 Assessor de Relacao Institucional (SMRI),1
CCE-14 Assessor de Segurança e Ordem Pública (SMSOP),1
CCE-14 Assessor de Transparencia e Integridade (SMTI),2
CCE-14 Assessor Especial de Demandas Institucionais (SMMA),1
CCE-14 Assessor Especial de Obras Públicas,1
CCE-14 Assessor-Chefe de Gabinete (SMRI),1
CCE-14 Comandante da Guarda Civil Municipal (SMSOP),1
CCE-14 Diretor Adjunto da Casa da Avaliacao,1
CCE-14 Diretor Adjunto da Casa de Formacao,1
CCE-14 Diretor Administrativo da Educação,1
CCE-14 Diretor Administrativo da Saúde,1
CCE-14 Diretor da Casa de Eventos da Educacao (SMECICT),1
CCE-14 Diretor de Almoxarifado da Educação (SMECICT),1
CCE-14 Diretor de Captacao de Recursos (SMP),1
CCE-14 Diretor de Controle Conform Proc da Educaçao,1
CCE-14 Diretor de Controle e Fiscalização da Saúde,1
CCE-14 Diretor de Estatística e Gestão do Sist. Educacional,1
CCE-14 Diretor de Eventos da Educacao (SMECICT),1
CCE-14 Diretor de Formação Pedag e Inspeção Escolar,1
CCE-14 Diretor de Integ. dos Inst. Orcamentarios (SMP),1
CCE-14 Diretor de Limpeza Urbana (SMTSP),1
CCE-14 Diretor de Normas Tecnicas (SMP),1
CCE-14 Diretor de Nutricao (SMECICT),1
CCE-14 Diretor de Obras e Serviços da Educação,1
CCE-14 Diretor de Orçamento de Obras da Educação,1
CCE-14 Diretor de Ordem Juducial da Saúde,1
CCE-14 Diretor de Perícia Médica,1
CCE-14 Diretor de Relações Institucionais da Educação,1
CCE-14 Diretor de Saúde do Trabalho (SMS),1
CCE-14 Diretor de Servicos Publicos,1
CCE-14 Diretor de Tecnologia da Gestão (SMGIT),1
CCE-14 Diretor de Transportes (SMECICT),1
CCE-14 Diretor do Prog.Educ.Conexao Universitaria,1
CCE-14 Diretor Financeiro (SMF),1
CCE-14 Diretor Financeiro da Educação,1
CCE-14 Diretor Financeiro da Saúde,1
CCE-14 Diretor Geral de Atividades Culturais (SMECICT),1
CCE-14 Diretor Geral de Compras (SMGIT),1
CCE-14 Diretor Geral de Contabilidade (SMF),1
CCE-14 Diretor Geral de Contratos Administrativos (SMGIT),1
CCE-14 Diretor Geral de Defesa Civil (SMSOP),1
CCE-14 Diretor Geral de Fiscalização (SMS),1
CCE-14 Diretor Geral de Fiscalização (SMU),1
CCE-14 Diretor Geral de Infraestrutura (SMI),1
CCE-14 Diretor Geral de Integração de Reg Fiscais (SMF),1
CCE-14 Diretor Geral de Licitações (SMGIT),1
CCE-14 Diretor Geral de Patrimonio (SMART),1
CCE-14 Diretor Geral de Urbanismo (SMU),1
CCE-14 Diretor Tecnico Esp. da Educaçao,1
CCE-14 Diretor Tecnico Operacional da Educacao,1
CCE-14 Diretor-Geral de Auditoria (CGM),1
CCE-14 Diretor-Geral de Departamento Pessoal (SMART),1
CCE-14 Diretor-Geral de Direitos dos Animais (SMDA),1
CCE-14 Diretor-Geral De Fundos de Assistencia Social,1
CCE-14 Diretor-Geral de Gov. e Consorcios da Saude (SMS),1
CCE-14 Diretor-Geral de Tributos (SMART),1
CCE-14 Diretos de Estradas Vicinais,1
CCE-15 Subsecretario Adm e Financeiro da Educacao,1
CCE-15 Subsecretario Administrativo e de Orcamento (SMP),1
CCE-15 Subsecretario Ciencias, Tec e Inovacao da Educacao,1
CCE-15 Subsecretário de Assuntos Religiosos (SMDS),1
CCE-15 Subsecretario de Comunicação Social (SMCS),1
CCE-15 Subsecretario de Controle Interno (CGM),1
CCE-15 Subsecretario de Coord. de Politicas Pub. de Educacao,1
CCE-15 Subsecretario de Cultura,1
CCE-15 Subsecretário de Desenvolvimento Social,1
CCE-15 Subsecretario de Esporte, Lazer e Turismo (SMELT),1
CCE-15 Subsecretario de Fin. e Fundo da Saude (SMS),1
CCE-15 Subsecretario de Fisc. e Avaliacao da Saude (SMS),1
CCE-15 Subsecretario de Governanca (SMGS),1
CCE-15 Subsecretario de Habitação (SMU),1
CCE-15 Subsecretario de Inclusao Educacional,1
CCE-15 Subsecretario de Infraestutura da Educaçao,1
CCE-15 Subsecretario de Planejamento de Pol. Pub.de Educaçao,1
CCE-15 Subsecretario de Planejamento Integrado (SMP),1
CCE-15 Subsecretario de Relacao com Orgaos Estaduais (SMRI),1
CCE-15 Subsecretario de Relacao com Orgaos Federais (SMRI),1
CCE-15 Subsecretário de Saúde,1
CCE-15 Subsecretario de Seguranca e Ordem Publica (SMSOP),1
CCE-15 Subsecretario de Sustentabilidade (SMGS),1
CCE-15 Subsecretario de Trabalho e Renda (SMDS),1
CCE-15 Subsecretario de Transparencia e Integridade (SMTI),1
CCE-15 Subsecretário de Urbanismo (SMU),1
CCE-2 Administrador Adjunto de Bairro (SMTSP),28
CCE-2 Assessor de Cadastramento,3
CCE-2 Assistente II,3
CCE-2 Auxiliar de Gabinete,11
CCE-2 Chefe de Setor,11
CCE-3 Administrador Distrital,3
CCE-3 Agente,15
CCE-3 Assistente I,2
CCE-3 Chefe de Divisao,22
CCE-4 Agente de Apoio Técnico(Prog.Acomp.Ativ.Sociais),25
CCE-4 Assessor Adjunto de Atenção Social (SMDes.Social),16
CCE-4 Assistente / Chefe Departamento,51
CCE-4 Assistente de Almoxarifado (SMGIT),1
CCE-4 Assistente de Lançamento de Dívida Ativa (SMART),1
CCE-4 Assistente de Licitação (SMGIT),2
CCE-4 Assistente de Procedimento Administrativo (SMGIT),2
CCE-4 Assistente de Rede Simples (SMART),1
CCE-4 Assistente de Regularidade Fiscal(Controladoria),1
CCE-4 Assistente de Sistema de Compras (SMGIT),1
CCE-4 Assistente para Lançamento do SIGFIS (SMF),2
CCE-4 Chefe de Departamento,3
CCE-4 Coordenador de Eventos,3
CCE-4 Coordenador de Oficina (Sec.Desenvolvimento Social),23
CCE-5 Assistente de Apoio Técnico(Prog.Aten Animais/Saúde),4
CCE-5 Assistente de Gabinete,5
CCE-5 Coordenador,8
CCE-5 Coordenador de Vig. Sanitaria,1
CCE-5 Coordenador Promocao da Saude,1
CCE-5 Coordenador Reg. Cont. e Avaliac,1
CCE-6 Assessor de Planejamento Orçamentário (SMP),3
CCE-6 Assessor de Registro e Escrituração (SMART),1
CCE-6 Assistente de Apoio Tecnico(Prog.Educ.p Trabalho),9
CCE-6 Assistente de Procedimentos Administrativos (SMDS),15
CCE-6 Assistente Educacional,40
CCE-6 Coordenador (Prog.Mais Esp.e Mais Cult) LC 50/2017,27
CCE-6 Coordenador de Apoio Tecnico,4
CCE-6 Coordenador de Programa(Prog.Acomp.Ativ. Sociais),8
CCE-6 Coordenador do Programa Casa Creche Cat B,18
CCE-6 Diretor Adjunto/Analista,6
CCE-6 Diretor de Cadastro Econômico,1
CCE-7 Assessor Adjunto de Gabinete (SMMA),1
CCE-7 Assessor de Procedimentos Administrativos (SMART),1
CCE-7 Assessor Educacional,37
CCE-7 Assistente de Controle e Fiscalização da Saúde,12
CCE-7 Assistente de Procedimento Administrativo,21
CCE-7 Coordenador Adjunto de Programa de Assistência Social,13
CCE-7 Coordenador de Finanças e Tesouraria (SMF),2
CCE-7 Coordenador de Nucleo (Prog.Mais Esp.e Mais Cult),6
CCE-7 Coordenador de Programa (Prog.Educ.para o Trabalho),4
CCE-7 Coordenador do Programama Casa Creche Cat A,21
CCE-7 Diretor,17
CCE-7 Diretor de Apoio Educacional,2
CCE-7 Diretor de Vig. e Saude,1
CCE-7 Diretor-Chefe do Salvamar (SMSOP),1
CCE-7 Membro Efetivo da JARI,5
CCE-8 Administrador de Bairro (SMTSP),32
CCE-8 Assessor,16
CCE-8 Assessor  Núcleo Atend. Pessoas Nec. Especiais (SMS),1
CCE-8 Assessor Adjunto de Gabinete (SMGab),4
CCE-8 Assessor Adjunto de Licitaçao (SMGIT),1
CCE-8 Assessor Administrativo (Sec. Mun. de Obras e Infra,1
CCE-8 Assessor Administrativo (SMELTur),1
CCE-8 Assessor Adminitrativo (Sec.Mun.de Urbanismo),1
CCE-8 Assessor de Apoio a Fisc de Areas Publicas (SMSOP),10
CCE-8 Assessor de Apoio a Fisc de Posturas Munic (SMSOP),10
CCE-8 Assessor de Apoio de Eventos (SMELTur),3
CCE-8 Assessor de Apoio Educacional,10
CCE-8 Assessor de Atendimento ao Turista (SMELTur),2
CCE-8 Assessor de Contratos Administrativos (SMGIT),3
CCE-8 Assessor de Gabinete,3
CCE-8 Assessor de Gabinete (SMI),1
CCE-8 Assessor de Informática (SMEC),1
CCE-8 Assessor de Procedimentos Administrativos (PGM),3
CCE-8 Assessor de Procedimentos Administrativos (Saúde),7
CCE-8 Assessor de Procedimentos Administrativos (SMAAP),1
CCE-8 Assessor de Procedimentos Administrativos (SMDE),4
CCE-8 Assessor de Procedimentos Administrativos (SMDS),10
CCE-8 Assessor de Procedimentos Administrativos (SMELT),3
CCE-8 Assessor de Procedimentos Administrativos (SMG),5
CCE-8 Assessor de Procedimentos Administrativos (SMGS),1
CCE-8 Assessor de Procedimentos Administrativos (SMI),1
CCE-8 Assessor de Procedimentos Administrativos (SMMA),3
CCE-8 Assessor de Procedimentos Administrativos (SMRI),2
CCE-8 Assessor de Procedimentos Administrativos (SMSOP),1
CCE-8 Assessor de Procedimentos Administrativos (SMTI),1
CCE-8 Assessor de Procedimentos Administrativos (SMTSP),2
CCE-8 Assessor de Procedimentos Administrativos (SMU),3
CCE-8 Assessor de Procedimentos Administrativos(SMD.Animais),3
CCE-8 Assessor de Processos Administrativos (SMCult),2
CCE-8 Assessor de Programas  (SMEC),3
CCE-8 Assessor de Programas de Assistencia a Mulher (SMM),5
CCE-8 Assessor de Projetos de Obras Publicas (SMOU),1
CCE-8 Assessor de Projetos Educacionais  (SMEC),2
CCE-8 Assessor de Recursos Humanos  (SMEC),1
CCE-8 Assessor de Rede Simples (SMF),1
CCE-8 Assessor do Centro Esp. de Reabilitação (Saúde),1
CCE-8 Assessor do Departamento Financeiro  (SMEC),4
CCE-8 Assessor Tec. de Obras (Sec.Mun. de Obras e Infra),1
CCE-8 Assessor Tecnico Administrativo(SMART),1
CCE-8 Assessor Tecnico de Controle Interno(Controladoria),1
CCE-8 Coordenador Adj. de Cont. de Gestão em Saúde (SMS),4
CCE-8 Coordenador Adjunto de Receita Orçamentária (SMP),1
CCE-8 Coordenador Articulador Educacional,9
CCE-8 Coordenador de Apoio Social do C.Atend.Idoso (SMDS),1
CCE-8 Coordenador de Controle Administrativo (CGM),3
CCE-8 Coordenador de Controle Patrimonial (SMART),6
CCE-8 Coordenador de Procedimentos Administrativos (SMART),9
CCE-8 Coordenador de Programa de Assistência Social,5
CCE-8 Coordenador de Programa(Prog.Atenção Animais/Saude),3
CCE-8 Coordenador do Projeto Casa Amiga do Pet (Saúde),3
CCE-8 Coordenador Geral (Prog.Acomp. Ativ. Sociais),1
CCE-8 Coordenador Geral (Prog.Educação para o Trabalho),1
CCE-8 Coordenador Pedagogo  (SMEC),3
CCE-8 Coordenador Regional de Atenção Social (SMDS),8
CCE-8 Diretor Adjunto de Iluminação Pública (SMTSP),1
CCE-8 Diretor Casa Creche Cat. B,8
CCE-8 Diretor de Programa,2
CCE-8 Diretor do Depart. Municipal de Transito,1
CCE-9 Assessor Adjunto de Análise de Projetos (SMU),1
CCE-9 Assessor de Desenvolvimento Social,10
CCE-9 Assessor de Faturamento (Saúde),1
CCE-9 Assessor de Gabinete (SMGab),4
CCE-9 Assessor de Operações Especiais (SMU),5
CCE-9 Assessor Especial,9
CCE-9 Assessor Especial de Projetos e Convenios,1
CCE-9 Coordenador de Apoio Ativ de Ordem Publica (SMSOP),5
CCE-9 Coordenador de Atenção aos Animais (SMDir.Animais),5
CCE-9 Coordenador de Prestação de Contas (CGM),1
CCE-9 Coordenador de Procedimentos Admint.(PGM),2
CCE-9 Coordenador do Centro Esp. de Reabilitação (Saúde),1
CCE-9 Coordenador Geral,1
CCE-9 Diretor Adjunto de Arrecadação (SMART),1
CCE-9 Diretor Adjunto de Esportes Educac  (SMEC),1
CCE-9 Diretor Adjunto de Logística  (SMEC),1
CCE-9 Diretor Adjunto de Patrimônio  (SMEC),1
CCE-9 Diretor Adjunto de Recursos Humanos  (SMEC),1
CCE-9 Diretor Administrativo,1
CCE-9 Diretor Articulação Fundos Ent. Governamentais(SMS),1
CCE-9 Diretor Casa Creche Cat. A,8
CCE-9 Diretor da Central de Regulação (SMS),1
CCE-9 Diretor de Abastecimento (SMTSP),1
CCE-9 Diretor de Gestão,1
CCE-9 Diretor de Odontologia do PSF,1
CCE-9 Diretor do Parque de Expo.Agrop.Mun (SMAAPesca),1
CCE-9 Diretor Executivo de Obras Públicas (SMOU),1
CCE-9 Diretor Tecnico,1
CCEE- Coordenador Ativ. Cat-A,28
CCEE- Coordenador Ativ. Cat-B,24
CCEE- Coordenador Ativ. Cat-C,21
CCEE- Coordenador Ativ. Cat-D,27
CCEE- Coordenador Turno Cat-A,26
CCEE- Coordenador Turno Cat-B,22
CCEE- Coordenador Turno Cat-C,20
CCEE- Coordenador Turno Cat-D,25
Conselheiro Tutelar,5
Contador,2
Cuidador de Pessoa Idosa,19
Cuidador Infantil,16
DAT-3 Chefe de Setor,1
DAT-4 Agente de transito,49
Desenhista Cadista,1
Eletricista,1
Eletricista de Parede,2
Enfermeiro,19
Engenheiro Ambiental,1
Engenheiro Civil,6
Engenheiro Florestal,1
ESTAGIO EDUCACIONAL (EDUCACAO SUPERIOR),206
Farmaceutico,6
Fiscal de Obras,7
Fiscal de Obras e Posturas,7
Fiscal de Posturas,4
Fisioterapeuta,6
Fonoaudiologo,6
Gari,9
Geologo,1
Gestor Publico,1
Guarda Ambiental,10
Guarda Municipal,77
Guarda-Vidas,38
Inspetor de Alunos,5
Inspetor Escolar D,23
Inspetor Escolar E,7
Instrutor de Atividades Artísticas,26
Instrutor de Atividades Esportivas,24
Instrutor de Atividades Tecnologicas,29
Instrutor de Linguas Estrangeiras,25
Interprete/Tradutor de Libras,1
Massoterapeuta,4
Mecanico,2
Medico,33
Medico Anestesista Plantonista,2
Medico Angiologista,1
Medico Cardiologista Ambulatório,4
Medico Cirurgiao Geral Plantonista,2
Medico Clinico Geral ambulatório,1
Medico Dermatologista,3
Medico Endocrinologista,4
Medico Gastroenterologista,1
Medico Geriatra Ambulatório,1
Medico Ginecologista e Obstetra Plantonista,1
Medico Hepatologista Ambulatorio,2
Medico Infectologista DST e AIDS,3
Medico Mastologista,2
Medico Nefrologista,1
Medico Neurocirurgiao,1
Medico Oftalmologista,1
Medico Ortopedista Plantonista,5
Medico Pediatra Ambulatorio,4
Medico Pediatra Plantao,6
Medico Pneumologista,1
Medico Proctologista,1
Medico Pronto Socorrista Plantonista,2
Medico Urologista,1
Medico Veterinario,2
Merendeira,9
Motorista,18
Motorista de Ambulancia,11
Motorista I - Veiculos Leves,13
Motorista II - Ambulancia/Van,8
Motorista III - Veiculos Pesados,3
Motorista IV (Transporte Escolar),10
Museologo,1
NOVO CIDADAO,177
Nutricionista,8
Odontologo,7
Operador de Maquina,1
Operador de Maquinas Pesadas,1
Operario,6
Orientador Educacional D,34
Orientador Educacional E,11
Orientador Pedagógico D,23
Orientador Pedagógico E,13
Orientador Pedagógico F,1
Pedreiro,1
Pintor de Parede,2
Prefeito,1
Procurador,9
Professor de Educação Especial (MG-1A),53
Professor de Educação Especial (MG-1D),2
Professor de Educação Especial (MG-1E),23
Professor de Libras Ouvinte,1
Professor de Libras Surdo,2
Professor Docente - 1,943
Professor Docente - 2 Arte,24
Professor Docente - 2 Ciencias,40
Professor Docente - 2 Educacao Fisica,24
Professor Docente - 2 Estudos Turisticos,18
Professor Docente - 2 Geografia,28
Professor Docente - 2 Historia,29
Professor Docente - 2 Lingua Inglesa,24
Professor Docente - 2 Lingua Portuguesa,75
Professor Docente - 2 Matematica,80
Professor MG-1A,171
Professor MG-1B,1
Professor MG-1C,1
Professor MG-1D,100
Professor MG-1E,513
Professor MG-1F,4
Professor MG-2D,7
Professor MG-2D Ciencias,8
Professor MG-2D Educacao Artistica,6
Professor MG-2D Educacao Fisica,3
Professor MG-2D Estudos Turisticos,1
Professor MG-2D Geografia,2
Professor MG-2D Historia,4
Professor MG-2D Lingua Inglesa,3
Professor MG-2D Lingua Portuguesa,11
Professor MG-2D Matematica,6
Professor MG-2E,12
Professor MG-2E Ciencias,16
Professor MG-2E Educacao Artistica,6
Professor MG-2E Educacao Fisica,7
Professor MG-2E Estudos Turisticos,10
Professor MG-2E Geografia,13
Professor MG-2E Historia,4
Professor MG-2E Lingua Inglesa,5
Professor MG-2E Lingua Portuguesa,15
Professor MG-2E Matematica,11
Professor MG-2F,5
Professor MG-2F Ciencias,2
Professor MG-2F Educacao Artistica,1
Professor MG-2F Estudos Turisticos,3
Professor MG-2F Geografia,3
Professor MG-2F Historia,11
Professor MG-2F Lingua Portuguesa,10
Professor MG-2G Ciencias,4
Professor MG-2G Geografia,1
Professor MG-2G Historia,3
Professor MG-2G Lingua Portuguesa,1
Professor MG-3D,3
Professor MG-3E,4
Profissional de Apoio ao Estudante com Deficiencia,1011
Profissional de Informatica Educativa,3
Psicologo,30
Psicologo Educacional,13
Psicologo Educacional E,1
Psicologo Educacional G,1
Recepcionista,4
Secretario Escolar,25
Secretario Municipal,24
Soldador Eletrico,2
Supervisor Educacional E,6
Supervisor Educacional F,2
Tecnico Agricola,1
Tecnico Aparelho Gessado,3
Tecnico de Enfermagem,79
Tecnico Em Agropecuária,1
Tecnico Em Contabilidade,1
Tecnico em Hemoterapia,2
Telefonista,3
Terapeuta Ocupacional,3
Trabalhador Braçal,52
Turismologo,1
Vice-prefeito,1
Total Geral,7453
